User1,User2,Date_relationship,Status,Duration
User_0,User_22,2023-03-16 12:59:16,casado,7
User_1,User_647,2020-05-16 02:19:39,comprometido,5
User_2,User_318,2023-02-09 22:57:00,casado,9
User_3,User_1052,2020-07-28 16:45:20,novios,1
User_4,User_1100,2020-07-07 09:29:32,casado,1
User_5,User_469,2022-08-07 01:32:46,comprometido,2
User_6,User_1075,2022-09-01 21:11:17,novios,7
User_7,User_155,2024-02-02 07:54:40,comprometido,2
User_8,User_1141,2020-03-13 22:43:47,casado,7
User_9,User_340,2021-10-20 07:59:14,casado,3
User_10,User_366,2022-05-14 00:21:55,comprometido,4
User_11,User_336,2023-05-18 17:14:20,comprometido,1
User_12,User_555,2021-05-29 04:21:57,novios,2
User_13,User_847,2020-11-30 14:11:20,novios,2
User_14,User_318,2022-12-03 06:39:55,soltero,4
User_15,User_1077,2020-04-03 18:26:31,novios,6
User_16,User_446,2023-10-03 20:18:54,soltero,10
User_17,User_1130,2020-08-13 14:35:36,casado,6
User_18,User_532,2022-02-15 19:54:31,soltero,1
User_19,User_1198,2022-02-19 17:48:52,soltero,1
User_20,User_344,2023-02-14 08:17:55,novios,8
User_21,User_1216,2021-02-25 11:45:52,novios,4
User_22,User_811,2021-08-03 13:27:08,novios,4
User_23,User_453,2021-10-24 19:40:43,novios,3
User_24,User_65,2023-10-29 09:19:04,novios,8
User_25,User_1224,2022-06-05 10:32:07,comprometido,8
User_26,User_1000,2022-04-27 03:22:03,soltero,8
User_27,User_192,2023-05-29 02:50:35,soltero,5
User_28,User_649,2022-09-15 20:47:21,casado,8
User_29,User_905,2020-09-03 19:10:32,comprometido,1
User_30,User_84,2022-03-15 11:48:32,comprometido,1
User_31,User_121,2023-02-06 05:16:11,novios,10
User_32,User_1070,2021-05-25 19:54:15,soltero,6
User_33,User_889,2023-04-21 02:24:48,novios,2
User_34,User_114,2020-09-06 09:01:13,soltero,6
User_35,User_623,2020-02-20 18:53:18,novios,2
User_36,User_491,2020-02-11 10:12:13,comprometido,3
User_37,User_631,2022-12-16 07:34:25,casado,8
User_38,User_913,2021-07-19 07:37:11,novios,7
User_39,User_22,2020-02-14 09:17:55,casado,9
User_40,User_1202,2020-10-17 10:34:32,casado,2
User_41,User_177,2023-01-04 10:27:11,comprometido,2
User_42,User_1047,2022-05-09 11:24:21,comprometido,3
User_43,User_1164,2023-08-09 19:15:00,comprometido,1
User_44,User_549,2023-03-23 06:09:48,soltero,5
User_45,User_885,2020-11-05 18:58:10,comprometido,8
User_46,User_159,2020-11-15 21:55:35,soltero,3
User_47,User_588,2020-01-22 00:31:36,casado,3
User_48,User_1167,2021-12-09 23:57:58,comprometido,2
User_49,User_244,2022-05-03 12:42:02,casado,10
User_50,User_104,2020-11-07 02:13:24,casado,10
User_51,User_625,2023-02-25 06:54:10,novios,2
User_52,User_371,2021-11-10 04:25:22,soltero,5
User_53,User_423,2021-04-17 12:49:24,novios,3
User_54,User_1151,2020-02-29 14:21:25,novios,8
User_55,User_169,2023-09-07 15:35:49,novios,4
User_56,User_811,2022-01-20 02:40:59,novios,2
User_57,User_719,2021-12-23 12:43:09,soltero,5
User_58,User_540,2023-06-02 10:40:39,comprometido,1
User_59,User_691,2020-12-14 09:16:38,soltero,3
User_60,User_425,2022-06-08 09:52:03,soltero,7
User_61,User_413,2023-06-22 19:22:45,comprometido,8
User_62,User_839,2021-04-14 01:32:09,casado,3
User_63,User_639,2023-01-18 02:07:44,comprometido,6
User_64,User_945,2024-04-02 08:37:40,soltero,6
User_65,User_450,2024-04-13 11:41:07,casado,3
User_66,User_965,2020-07-16 19:40:41,soltero,5
User_67,User_348,2023-09-02 20:51:30,casado,6
User_68,User_603,2020-11-18 13:42:30,comprometido,3
User_69,User_472,2020-01-24 11:57:20,casado,4
User_70,User_835,2022-03-30 18:53:49,casado,5
User_71,User_593,2022-11-10 16:32:47,comprometido,4
User_72,User_46,2022-09-07 11:25:32,novios,7
User_73,User_171,2021-12-17 05:36:17,comprometido,3
User_74,User_567,2020-11-25 20:26:06,comprometido,6
User_75,User_936,2020-07-30 13:30:12,novios,9
User_76,User_1047,2023-01-28 08:27:51,novios,1
User_77,User_349,2023-07-17 10:16:01,soltero,7
User_78,User_727,2022-09-30 19:00:26,soltero,1
User_79,User_68,2020-07-27 12:33:33,novios,5
User_80,User_510,2020-11-30 13:12:26,soltero,4
User_81,User_206,2021-08-29 21:05:37,soltero,6
User_82,User_395,2022-10-05 03:28:25,novios,6
User_83,User_443,2020-11-26 19:33:36,soltero,5
User_84,User_619,2023-06-22 13:32:47,comprometido,2
User_85,User_737,2021-11-24 02:14:55,casado,8
User_86,User_917,2023-04-21 14:33:01,soltero,9
User_87,User_314,2022-04-23 16:15:37,comprometido,5
User_88,User_534,2024-01-29 01:57:05,soltero,1
User_89,User_261,2023-12-21 20:48:19,casado,6
User_90,User_984,2020-06-30 16:38:18,novios,3
User_91,User_212,2024-03-02 05:50:12,soltero,4
User_92,User_910,2020-09-16 04:45:58,comprometido,6
User_93,User_323,2023-03-27 00:06:04,comprometido,9
User_94,User_239,2020-11-02 23:51:12,comprometido,4
User_95,User_980,2023-03-31 22:40:27,novios,10
User_96,User_270,2022-06-03 06:42:31,soltero,9
User_97,User_1168,2023-06-20 00:42:25,soltero,6
User_98,User_51,2022-03-09 04:51:04,comprometido,1
User_99,User_26,2020-07-10 23:54:20,soltero,5
User_100,User_730,2023-10-03 20:19:33,soltero,1
User_101,User_227,2023-02-17 07:05:22,casado,7
User_102,User_853,2023-12-22 07:27:20,casado,5
User_103,User_129,2020-08-09 21:54:58,casado,1
User_104,User_874,2020-03-07 12:14:37,soltero,4
User_105,User_998,2023-11-07 04:20:49,novios,4
User_106,User_35,2020-01-31 08:19:59,comprometido,6
User_107,User_905,2021-05-27 15:13:14,comprometido,2
User_108,User_25,2024-01-06 17:51:04,comprometido,7
User_109,User_335,2021-03-15 09:30:46,casado,6
User_110,User_159,2021-04-08 06:11:13,soltero,6
User_111,User_267,2021-07-14 02:29:06,soltero,4
User_112,User_206,2022-06-02 23:26:36,comprometido,4
User_113,User_523,2021-06-14 04:29:22,casado,6
User_114,User_1088,2022-03-04 09:16:23,soltero,2
User_115,User_937,2023-12-05 08:21:56,novios,8
User_116,User_170,2020-11-16 16:32:38,comprometido,9
User_117,User_1174,2023-09-02 16:57:45,soltero,10
User_118,User_947,2021-09-23 04:22:49,soltero,5
User_119,User_835,2023-05-14 16:44:41,comprometido,6
User_120,User_32,2023-07-16 06:17:42,casado,7
User_121,User_1100,2022-10-16 02:10:16,novios,9
User_122,User_454,2023-03-18 00:47:48,soltero,5
User_123,User_647,2022-03-31 11:58:45,casado,1
User_124,User_663,2022-12-07 09:37:54,comprometido,10
User_125,User_741,2021-01-15 09:31:31,novios,7
User_126,User_222,2021-12-03 11:56:43,comprometido,10
User_127,User_1002,2024-01-08 09:17:56,soltero,3
User_128,User_784,2023-12-30 11:32:16,novios,7
User_129,User_562,2023-06-07 19:17:14,soltero,5
User_130,User_1234,2021-08-14 16:58:20,casado,2
User_131,User_1184,2022-06-08 15:08:35,casado,2
User_132,User_1117,2023-08-29 16:21:12,casado,6
User_133,User_476,2022-03-23 05:07:15,novios,7
User_134,User_467,2021-06-13 22:31:21,soltero,8
User_135,User_168,2024-01-04 11:28:09,novios,8
User_136,User_428,2023-09-29 05:49:29,comprometido,4
User_137,User_467,2022-11-30 20:50:39,comprometido,2
User_138,User_704,2023-12-06 07:59:36,casado,4
User_139,User_697,2022-05-18 02:17:12,comprometido,7
User_140,User_692,2020-12-25 04:42:24,novios,7
User_141,User_1238,2022-05-31 00:10:05,casado,3
User_142,User_1181,2023-03-04 22:54:23,comprometido,9
User_143,User_291,2020-08-07 04:49:40,comprometido,1
User_144,User_51,2021-12-24 15:30:35,novios,9
User_145,User_229,2022-11-05 15:55:05,novios,4
User_146,User_547,2020-03-20 20:05:59,novios,3
User_147,User_327,2023-01-13 07:25:44,novios,6
User_148,User_133,2022-01-13 10:14:18,comprometido,5
User_149,User_479,2020-09-14 00:33:20,casado,2
User_150,User_1206,2022-03-18 12:31:39,casado,4
User_151,User_496,2020-04-22 14:09:48,novios,1
User_152,User_361,2021-06-01 20:13:33,novios,4
User_153,User_1148,2020-01-03 10:37:19,comprometido,7
User_154,User_153,2024-03-19 17:21:33,comprometido,10
User_155,User_1226,2020-02-22 11:43:14,casado,5
User_156,User_195,2023-08-26 13:08:56,comprometido,1
User_157,User_208,2022-10-16 16:21:58,soltero,4
User_158,User_1197,2023-11-09 03:59:40,novios,5
User_159,User_1068,2022-11-11 12:59:20,casado,4
User_160,User_623,2022-04-04 18:17:00,casado,1
User_161,User_45,2020-12-24 18:46:30,soltero,10
User_162,User_183,2021-11-09 02:39:28,comprometido,2
User_163,User_457,2020-05-01 08:36:47,casado,2
User_164,User_29,2022-10-05 18:46:41,casado,2
User_165,User_44,2021-03-21 05:07:53,novios,7
User_166,User_106,2021-05-25 15:05:25,comprometido,2
User_167,User_317,2020-02-24 08:57:37,casado,9
User_168,User_434,2020-03-03 05:55:57,soltero,4
User_169,User_903,2022-10-11 23:31:53,casado,5
User_170,User_1000,2022-06-29 21:40:03,comprometido,4
User_171,User_694,2020-07-16 23:49:46,casado,8
User_172,User_158,2022-08-27 23:38:35,comprometido,10
User_173,User_463,2022-04-08 03:49:52,soltero,1
User_174,User_1171,2021-03-03 05:12:42,novios,3
User_175,User_917,2021-07-20 16:09:18,soltero,10
User_176,User_309,2023-12-07 10:12:34,soltero,10
User_177,User_574,2020-04-08 05:46:59,comprometido,10
User_178,User_412,2021-06-30 05:24:06,novios,2
User_179,User_226,2023-08-13 06:22:01,comprometido,8
User_180,User_930,2022-04-15 02:21:59,casado,8
User_181,User_951,2023-12-23 00:31:42,novios,3
User_182,User_1234,2020-05-08 06:03:58,novios,6
User_183,User_192,2021-03-04 14:43:33,comprometido,9
User_184,User_1223,2021-03-07 06:37:23,casado,5
User_185,User_640,2024-01-12 10:49:20,novios,6
User_186,User_874,2021-11-27 15:58:39,novios,6
User_187,User_988,2020-03-11 20:09:01,novios,7
User_188,User_529,2023-10-09 14:04:32,comprometido,3
User_189,User_372,2021-01-07 11:40:28,novios,8
User_190,User_825,2022-03-09 05:07:55,soltero,3
User_191,User_962,2021-04-22 13:21:55,novios,10
User_192,User_784,2020-06-20 03:14:42,casado,5
User_193,User_320,2023-03-14 01:45:04,novios,4
User_194,User_558,2020-05-02 09:54:38,novios,8
User_195,User_348,2021-04-26 03:54:38,soltero,8
User_196,User_235,2023-10-11 22:07:32,comprometido,2
User_197,User_625,2023-07-10 00:04:31,soltero,2
User_198,User_963,2020-08-19 02:15:53,novios,9
User_199,User_681,2020-02-04 15:27:47,comprometido,9
User_200,User_104,2021-12-20 10:08:53,casado,8
User_201,User_105,2022-10-10 13:35:50,novios,9
User_202,User_722,2020-01-10 17:21:46,casado,6
User_203,User_816,2023-12-24 21:31:48,soltero,6
User_204,User_49,2023-10-13 16:17:07,novios,5
User_205,User_509,2021-01-14 09:07:05,casado,3
User_206,User_557,2020-05-06 20:45:59,soltero,9
User_207,User_794,2021-05-25 23:31:09,soltero,5
User_208,User_239,2020-03-07 02:49:42,soltero,3
User_209,User_742,2020-02-27 04:58:00,soltero,6
User_210,User_885,2021-06-11 12:59:31,novios,10
User_211,User_105,2022-12-11 03:37:33,soltero,7
User_212,User_650,2021-11-07 16:21:37,novios,1
User_213,User_998,2023-05-27 12:55:37,comprometido,8
User_214,User_280,2022-11-12 06:49:41,comprometido,4
User_215,User_1201,2020-03-12 19:48:43,comprometido,10
User_216,User_661,2022-08-26 07:26:01,casado,7
User_217,User_505,2022-11-17 14:42:23,soltero,1
User_218,User_931,2022-02-05 23:35:13,soltero,7
User_219,User_650,2022-08-09 14:12:16,novios,7
User_220,User_948,2020-09-29 01:31:41,comprometido,2
User_221,User_1114,2021-08-29 06:20:26,novios,9
User_222,User_554,2022-04-12 04:25:25,novios,10
User_223,User_206,2020-01-08 18:30:29,novios,7
User_224,User_376,2023-05-15 20:23:56,soltero,6
User_225,User_486,2020-10-04 10:40:46,comprometido,2
User_226,User_1193,2022-08-30 01:39:11,novios,10
User_227,User_549,2022-09-06 06:05:04,novios,4
User_228,User_187,2021-12-14 19:57:02,novios,4
User_229,User_794,2022-08-06 03:24:18,soltero,6
User_230,User_245,2022-04-14 08:01:10,comprometido,6
User_231,User_692,2023-03-29 06:59:34,novios,9
User_232,User_860,2024-04-13 13:46:53,soltero,9
User_233,User_892,2020-03-02 01:23:33,comprometido,3
User_234,User_814,2020-02-06 20:32:51,casado,9
User_235,User_936,2021-03-05 09:38:11,comprometido,8
User_236,User_1121,2020-02-04 12:39:10,casado,3
User_237,User_882,2022-07-20 03:42:47,novios,5
User_238,User_452,2023-06-25 18:48:41,comprometido,5
User_239,User_307,2021-07-02 07:09:30,soltero,6
User_240,User_558,2020-02-26 23:53:42,casado,4
User_241,User_826,2021-08-19 18:42:44,casado,10
User_242,User_1113,2023-06-17 22:41:58,soltero,8
User_243,User_748,2022-08-01 05:36:36,comprometido,1
User_244,User_686,2021-02-01 08:55:33,novios,5
User_245,User_301,2020-07-13 08:12:30,casado,6
User_246,User_1004,2021-02-15 18:56:25,casado,5
User_247,User_207,2023-08-13 11:37:02,casado,3
User_248,User_700,2021-06-15 02:39:05,casado,2
User_249,User_488,2023-03-06 15:25:20,soltero,10
User_250,User_321,2022-01-09 02:01:44,comprometido,5
User_251,User_58,2024-01-25 11:19:36,soltero,6
User_252,User_295,2021-07-13 11:42:59,soltero,6
User_253,User_189,2020-01-24 07:14:29,casado,3
User_254,User_1114,2020-08-19 02:38:26,casado,5
User_255,User_832,2023-03-01 07:06:17,comprometido,6
User_256,User_594,2021-04-19 01:48:09,soltero,7
User_257,User_881,2022-12-11 16:13:37,soltero,8
User_258,User_841,2022-02-09 15:59:28,casado,3
User_259,User_64,2020-04-14 12:03:13,casado,4
User_260,User_438,2023-11-20 07:33:38,comprometido,2
User_261,User_289,2023-07-11 04:19:08,comprometido,8
User_262,User_940,2020-05-08 14:35:05,soltero,5
User_263,User_1248,2021-03-17 11:32:43,casado,5
User_264,User_495,2021-03-02 08:55:45,novios,7
User_265,User_118,2021-08-26 05:33:01,soltero,8
User_266,User_821,2021-06-07 08:09:06,comprometido,1
User_267,User_1141,2021-03-30 22:39:38,comprometido,3
User_268,User_597,2020-04-22 22:27:59,novios,4
User_269,User_622,2023-08-17 06:04:16,novios,10
User_270,User_558,2022-01-11 13:27:05,casado,1
User_271,User_640,2021-03-21 12:10:16,novios,7
User_272,User_1039,2023-01-26 11:09:56,novios,4
User_273,User_517,2023-03-11 20:45:12,casado,6
User_274,User_1225,2020-08-18 04:20:12,soltero,9
User_275,User_783,2022-05-19 18:35:23,soltero,1
User_276,User_211,2022-11-04 02:34:52,novios,1
User_277,User_877,2020-08-28 15:48:44,novios,8
User_278,User_359,2021-07-21 14:58:33,comprometido,6
User_279,User_547,2024-03-16 10:25:26,casado,10
User_280,User_927,2024-04-09 18:57:11,comprometido,7
User_281,User_716,2023-06-16 05:22:00,casado,7
User_282,User_342,2021-07-06 20:48:03,comprometido,5
User_283,User_816,2023-09-16 00:47:45,casado,2
User_284,User_532,2020-11-16 02:25:00,casado,5
User_285,User_1195,2022-01-29 22:50:58,casado,6
User_286,User_782,2024-01-18 04:37:33,casado,2
User_287,User_736,2021-05-14 15:51:35,novios,5
User_288,User_125,2021-12-06 06:03:54,casado,4
User_289,User_165,2022-03-11 06:32:09,comprometido,6
User_290,User_1023,2020-07-28 16:11:38,comprometido,1
User_291,User_1144,2021-10-30 09:20:47,soltero,6
User_292,User_676,2023-08-23 21:20:45,novios,7
User_293,User_564,2023-09-20 17:58:14,soltero,7
User_294,User_271,2022-10-11 23:23:50,casado,2
User_295,User_733,2021-11-19 01:25:05,casado,7
User_296,User_909,2021-06-30 17:51:49,casado,9
User_297,User_875,2023-04-29 10:31:50,novios,9
User_298,User_605,2022-12-12 13:53:11,novios,8
User_299,User_954,2023-08-29 20:05:20,casado,9
User_300,User_15,2021-08-06 08:55:24,soltero,7
User_301,User_408,2022-03-10 08:23:25,novios,1
User_302,User_709,2020-04-02 11:03:33,comprometido,6
User_303,User_186,2024-02-08 17:16:58,casado,1
User_304,User_582,2022-05-14 06:21:02,soltero,8
User_305,User_189,2022-02-22 12:21:32,comprometido,2
User_306,User_531,2023-10-21 01:47:06,novios,4
User_307,User_915,2022-05-18 12:52:36,comprometido,7
User_308,User_498,2021-05-24 03:24:55,casado,8
User_309,User_801,2022-05-26 23:23:12,soltero,2
User_310,User_610,2024-01-14 10:47:00,novios,8
User_311,User_120,2023-01-11 12:12:28,novios,1
User_312,User_342,2022-02-08 06:56:39,comprometido,9
User_313,User_1207,2023-05-23 16:28:15,soltero,5
User_314,User_94,2022-05-27 19:44:18,comprometido,7
User_315,User_346,2022-04-22 16:08:07,soltero,4
User_316,User_968,2023-10-17 03:46:09,comprometido,9
User_317,User_903,2023-01-11 00:24:25,novios,1
User_318,User_830,2022-10-21 10:14:18,comprometido,8
User_319,User_839,2023-03-24 16:33:01,soltero,8
User_320,User_925,2022-08-17 18:31:02,comprometido,7
User_321,User_485,2021-01-17 08:14:39,novios,1
User_322,User_702,2022-07-28 01:32:10,novios,8
User_323,User_1224,2022-06-27 19:41:02,novios,8
User_324,User_1131,2022-04-23 13:58:01,comprometido,4
User_325,User_820,2020-08-30 22:48:11,soltero,2
User_326,User_161,2022-03-27 11:02:34,novios,10
User_327,User_1132,2021-09-28 16:54:01,comprometido,5
User_328,User_560,2021-12-03 23:46:47,comprometido,2
User_329,User_1083,2022-05-02 14:55:14,casado,6
User_330,User_561,2022-06-04 15:08:14,comprometido,3
User_331,User_424,2022-09-03 05:14:42,novios,8
User_332,User_521,2020-12-28 03:30:58,casado,3
User_333,User_573,2020-09-03 22:26:01,comprometido,4
User_334,User_375,2022-08-07 22:49:03,novios,6
User_335,User_100,2020-04-01 23:11:59,soltero,3
User_336,User_49,2021-01-20 12:47:36,soltero,2
User_337,User_822,2021-05-13 16:04:28,casado,10
User_338,User_477,2021-10-30 22:38:01,novios,7
User_339,User_883,2021-05-18 00:36:44,comprometido,10
User_340,User_1172,2023-04-02 17:38:49,soltero,6
User_341,User_1204,2022-07-20 00:09:31,comprometido,5
User_342,User_517,2020-04-15 18:22:01,comprometido,8
User_343,User_190,2024-03-29 20:48:38,soltero,10
User_344,User_28,2023-03-15 00:04:10,casado,7
User_345,User_1163,2022-04-20 12:35:32,novios,6
User_346,User_519,2020-09-07 00:10:40,casado,9
User_347,User_1120,2021-12-03 06:15:38,novios,3
User_348,User_1126,2023-07-10 08:12:25,soltero,3
User_349,User_42,2022-12-25 17:22:03,soltero,6
User_350,User_150,2023-01-09 01:32:31,comprometido,9
User_351,User_962,2022-10-28 00:55:51,soltero,6
User_352,User_1226,2020-08-14 23:03:31,novios,5
User_353,User_1153,2022-07-25 05:11:44,casado,1
User_354,User_985,2022-08-30 21:46:34,comprometido,6
User_355,User_830,2022-03-16 19:42:44,novios,9
User_356,User_1207,2020-02-11 01:03:15,casado,6
User_357,User_1144,2022-09-10 20:53:59,soltero,5
User_358,User_169,2021-06-30 19:17:32,soltero,4
User_359,User_589,2021-07-30 23:59:43,comprometido,1
User_360,User_975,2023-04-28 12:20:43,soltero,1
User_361,User_602,2020-04-20 12:21:52,soltero,1
User_362,User_201,2021-09-17 11:04:56,novios,9
User_363,User_288,2024-03-28 13:15:50,comprometido,6
User_364,User_777,2022-08-15 08:29:04,comprometido,1
User_365,User_22,2023-06-28 20:36:14,casado,2
User_366,User_931,2023-05-16 00:47:17,soltero,8
User_367,User_128,2022-05-10 14:42:35,casado,3
User_368,User_149,2024-04-01 21:28:09,comprometido,7
User_369,User_862,2023-11-25 04:10:54,comprometido,10
User_370,User_1152,2023-04-29 16:23:24,soltero,4
User_371,User_475,2023-05-20 12:07:30,comprometido,9
User_372,User_1059,2022-04-20 21:34:19,casado,5
User_373,User_234,2021-02-17 22:42:47,novios,4
User_374,User_613,2022-11-14 19:59:01,novios,7
User_375,User_455,2024-03-10 23:30:39,soltero,9
User_376,User_1209,2022-02-24 13:16:26,comprometido,7
User_377,User_647,2022-03-07 16:38:10,novios,8
User_378,User_600,2021-11-17 03:50:04,novios,5
User_379,User_216,2023-06-24 20:31:21,casado,4
User_380,User_205,2022-07-05 15:48:55,novios,1
User_381,User_1059,2023-04-09 04:04:21,soltero,9
User_382,User_332,2024-01-18 04:49:27,novios,5
User_383,User_260,2023-05-26 08:30:17,casado,7
User_384,User_1026,2021-12-01 06:21:51,casado,3
User_385,User_216,2024-03-09 00:58:58,casado,3
User_386,User_992,2020-04-27 23:29:09,novios,4
User_387,User_545,2023-04-08 11:57:44,casado,4
User_388,User_94,2023-02-04 10:02:30,comprometido,2
User_389,User_444,2020-11-28 02:37:09,novios,4
User_390,User_1060,2023-03-02 20:19:15,soltero,10
User_391,User_970,2023-03-08 08:02:22,soltero,6
User_392,User_346,2020-09-15 14:52:39,comprometido,2
User_393,User_668,2021-10-10 08:24:13,casado,10
User_394,User_204,2022-05-01 16:38:27,novios,1
User_395,User_856,2021-12-17 01:04:26,soltero,6
User_396,User_415,2021-10-25 04:16:44,novios,6
User_397,User_963,2023-12-09 14:42:22,comprometido,7
User_398,User_68,2020-05-03 06:39:16,casado,4
User_399,User_1099,2022-12-31 06:01:47,comprometido,9
User_400,User_723,2023-10-02 03:26:39,novios,7
User_401,User_768,2023-11-11 00:42:27,casado,7
User_402,User_418,2020-05-09 09:28:11,casado,10
User_403,User_885,2023-06-26 05:28:34,novios,6
User_404,User_360,2022-03-23 22:15:03,soltero,8
User_405,User_263,2023-03-24 12:25:21,novios,3
User_406,User_658,2020-02-15 08:01:53,novios,9
User_407,User_589,2022-05-14 21:44:24,novios,10
User_408,User_1161,2021-12-13 09:12:42,novios,3
User_409,User_162,2023-08-23 14:58:58,novios,10
User_410,User_714,2020-01-17 22:42:53,casado,8
User_411,User_774,2020-03-19 11:45:26,soltero,6
User_412,User_286,2020-12-21 17:07:08,casado,3
User_413,User_225,2022-12-19 01:47:48,comprometido,6
User_414,User_241,2023-07-20 21:56:01,soltero,9
User_415,User_884,2020-11-07 21:07:51,novios,6
User_416,User_147,2023-12-29 23:39:24,novios,5
User_417,User_818,2022-07-12 22:58:54,comprometido,4
User_418,User_1163,2021-08-15 11:36:39,comprometido,10
User_419,User_720,2021-01-25 11:02:35,novios,6
User_420,User_358,2022-07-19 23:20:23,casado,10
User_421,User_107,2024-01-26 21:27:32,soltero,4
User_422,User_896,2020-12-23 02:59:57,casado,1
User_423,User_680,2022-04-14 08:54:10,casado,10
User_424,User_651,2022-12-06 19:02:53,soltero,5
User_425,User_592,2021-07-01 17:56:33,novios,2
User_426,User_1152,2020-02-08 18:57:16,novios,1
User_427,User_727,2021-03-27 21:45:17,comprometido,6
User_428,User_699,2020-05-28 18:38:05,novios,3
User_429,User_658,2024-03-12 06:09:37,casado,10
User_430,User_214,2023-03-21 23:05:18,comprometido,9
User_431,User_336,2020-09-07 08:44:47,soltero,2
User_432,User_525,2022-06-04 11:04:08,comprometido,4
User_433,User_621,2024-01-14 03:50:06,casado,4
User_434,User_859,2020-01-21 02:19:34,soltero,7
User_435,User_1181,2023-03-12 22:59:16,soltero,5
User_436,User_254,2022-10-08 09:19:23,novios,5
User_437,User_362,2024-02-11 20:44:22,comprometido,5
User_438,User_111,2024-01-24 01:12:18,soltero,5
User_439,User_72,2023-08-22 16:45:44,casado,9
User_440,User_523,2022-10-16 12:33:03,casado,4
User_441,User_240,2023-11-02 06:43:10,casado,1
User_442,User_388,2022-01-20 04:11:38,soltero,8
User_443,User_865,2022-10-07 18:01:38,casado,10
User_444,User_820,2023-06-14 04:07:53,casado,9
User_445,User_359,2021-03-04 08:08:53,novios,4
User_446,User_694,2021-06-06 07:37:42,soltero,6
User_447,User_1178,2022-09-05 12:09:41,casado,4
User_448,User_418,2020-01-12 10:46:18,casado,5
User_449,User_988,2020-12-26 12:11:13,novios,6
User_450,User_355,2021-05-19 08:40:43,novios,1
User_451,User_463,2023-12-16 05:58:07,casado,10
User_452,User_294,2021-11-20 01:38:15,comprometido,6
User_453,User_823,2021-08-13 07:28:09,novios,1
User_454,User_208,2021-11-08 04:09:36,casado,7
User_455,User_520,2022-05-26 21:59:03,casado,6
User_456,User_496,2023-04-04 11:13:47,novios,9
User_457,User_894,2021-01-19 05:10:17,novios,8
User_458,User_954,2023-01-01 23:32:07,soltero,1
User_459,User_821,2023-01-15 09:25:30,soltero,10
User_460,User_871,2022-03-26 18:59:05,comprometido,4
User_461,User_1248,2022-03-11 22:56:25,soltero,4
User_462,User_756,2022-12-29 04:09:53,comprometido,6
User_463,User_403,2022-11-24 20:21:52,casado,7
User_464,User_1077,2022-12-26 04:01:40,comprometido,7
User_465,User_432,2023-07-15 20:44:32,casado,4
User_466,User_824,2020-07-23 16:18:27,novios,10
User_467,User_1141,2023-06-15 10:22:40,casado,4
User_468,User_1158,2021-08-31 05:28:59,soltero,4
User_469,User_1054,2021-01-26 16:24:41,casado,7
User_470,User_686,2021-12-16 12:15:04,comprometido,3
User_471,User_62,2023-06-19 02:40:29,soltero,10
User_472,User_519,2021-12-15 14:12:50,casado,9
User_473,User_134,2021-12-26 18:52:01,soltero,7
User_474,User_306,2020-12-14 07:17:33,casado,2
User_475,User_381,2022-12-18 19:39:30,casado,1
User_476,User_71,2020-04-02 20:56:05,casado,9
User_477,User_992,2022-11-02 18:47:24,comprometido,3
User_478,User_538,2022-04-01 08:20:55,soltero,9
User_479,User_76,2021-04-06 03:15:21,novios,6
User_480,User_879,2022-02-06 07:27:30,soltero,2
User_481,User_547,2022-03-25 23:29:40,novios,7
User_482,User_906,2023-10-07 12:17:56,comprometido,6
User_483,User_239,2022-09-02 03:12:05,comprometido,8
User_484,User_615,2021-08-04 00:21:02,casado,7
User_485,User_666,2023-09-09 11:37:26,casado,3
User_486,User_1115,2022-05-10 12:23:29,casado,4
User_487,User_1181,2022-08-07 19:56:45,casado,9
User_488,User_963,2021-04-14 11:15:02,casado,8
User_489,User_662,2021-06-04 09:48:25,comprometido,2
User_490,User_745,2020-06-24 20:12:45,novios,2
User_491,User_79,2024-02-01 00:59:35,casado,5
User_492,User_437,2021-10-10 06:38:37,novios,1
User_493,User_636,2021-03-08 19:41:47,novios,7
User_494,User_767,2020-10-27 21:05:37,soltero,2
User_495,User_652,2020-03-27 13:04:24,novios,7
User_496,User_889,2022-04-22 00:31:12,casado,7
User_497,User_532,2020-10-19 16:23:08,casado,1
User_498,User_411,2020-09-20 02:27:48,casado,6
User_499,User_330,2022-02-19 17:02:24,comprometido,10
User_500,User_502,2021-12-24 12:29:26,soltero,4
User_501,User_1050,2023-02-17 00:14:22,casado,8
User_502,User_819,2020-12-09 21:19:13,comprometido,9
User_503,User_923,2021-08-09 02:54:17,casado,6
User_504,User_184,2021-07-22 14:01:14,casado,6
User_505,User_974,2022-10-19 04:19:21,soltero,3
User_506,User_1121,2020-03-04 12:42:49,comprometido,7
User_507,User_25,2020-12-03 20:01:37,novios,6
User_508,User_461,2020-04-15 03:06:44,soltero,7
User_509,User_1068,2022-02-14 06:05:31,casado,4
User_510,User_1,2022-11-26 21:34:35,casado,6
User_511,User_446,2020-06-26 23:57:31,casado,4
User_512,User_658,2022-06-16 15:23:39,soltero,2
User_513,User_1065,2022-09-28 12:11:28,casado,4
User_514,User_479,2020-04-13 02:13:59,comprometido,3
User_515,User_1244,2021-07-25 23:11:20,comprometido,9
User_516,User_53,2021-04-12 19:49:43,soltero,8
User_517,User_997,2023-12-20 07:25:49,casado,6
User_518,User_1131,2020-06-03 00:01:15,soltero,8
User_519,User_825,2023-07-19 04:03:48,casado,1
User_520,User_1128,2023-03-27 14:16:28,soltero,1
User_521,User_737,2020-08-17 19:05:50,soltero,10
User_522,User_1045,2021-05-31 00:38:08,casado,2
User_523,User_893,2020-07-28 14:51:19,comprometido,8
User_524,User_585,2022-04-14 21:21:40,casado,7
User_525,User_337,2023-10-04 11:32:59,soltero,10
User_526,User_8,2020-10-27 02:43:20,novios,6
User_527,User_1021,2022-09-05 08:49:45,soltero,7
User_528,User_500,2024-01-13 15:18:23,novios,10
User_529,User_252,2022-08-14 23:48:20,comprometido,4
User_530,User_412,2023-05-31 18:00:02,soltero,7
User_531,User_3,2021-10-29 07:30:58,novios,1
User_532,User_1004,2021-09-06 12:08:09,novios,6
User_533,User_1023,2020-05-11 20:12:31,novios,9
User_534,User_1205,2020-08-06 04:49:53,soltero,1
User_535,User_219,2020-10-22 13:44:44,casado,1
User_536,User_652,2021-01-26 21:46:05,casado,4
User_537,User_609,2022-12-24 20:53:54,comprometido,4
User_538,User_1178,2022-04-12 15:34:49,soltero,10
User_539,User_570,2021-02-16 14:05:02,soltero,3
User_540,User_1057,2021-07-23 08:35:02,casado,10
User_541,User_1242,2021-01-26 20:40:44,novios,10
User_542,User_883,2021-04-27 11:22:00,novios,1
User_543,User_547,2021-08-30 05:26:15,novios,2
User_544,User_665,2024-03-30 13:50:46,novios,7
User_545,User_835,2021-07-26 03:50:22,soltero,5
User_546,User_839,2021-01-19 17:10:36,novios,8
User_547,User_853,2021-05-30 23:53:39,casado,8
User_548,User_849,2022-07-04 00:23:42,novios,5
User_549,User_834,2020-09-18 01:03:59,comprometido,6
User_550,User_976,2023-12-08 01:34:51,soltero,8
User_551,User_403,2021-09-23 09:08:17,soltero,9
User_552,User_200,2020-03-28 00:00:59,novios,1
User_553,User_461,2021-02-03 05:04:02,novios,4
User_554,User_1049,2020-08-25 11:14:41,casado,1
User_555,User_441,2021-12-03 14:53:00,comprometido,5
User_556,User_1207,2022-01-26 08:19:10,soltero,3
User_557,User_398,2022-06-30 12:38:07,comprometido,1
User_558,User_411,2021-12-10 07:25:46,casado,8
User_559,User_129,2022-07-08 15:42:27,novios,6
User_560,User_1073,2020-06-13 03:26:14,soltero,1
User_561,User_482,2021-02-23 20:20:07,soltero,7
User_562,User_825,2021-03-13 12:28:02,novios,5
User_563,User_792,2020-06-09 17:16:10,comprometido,9
User_564,User_894,2021-12-17 18:00:19,comprometido,8
User_565,User_300,2021-10-31 18:23:30,novios,3
User_566,User_956,2022-07-31 05:15:25,casado,6
User_567,User_235,2020-09-12 15:41:35,soltero,2
User_568,User_464,2022-11-25 01:37:07,comprometido,3
User_569,User_134,2023-06-02 03:16:27,casado,10
User_570,User_373,2022-04-09 00:02:44,casado,8
User_571,User_954,2020-06-17 09:30:57,soltero,5
User_572,User_793,2021-07-24 06:14:57,novios,3
User_573,User_873,2021-05-24 15:56:31,casado,7
User_574,User_707,2021-03-27 14:11:43,soltero,9
User_575,User_714,2021-11-25 06:44:58,casado,4
User_576,User_548,2020-06-03 02:54:21,comprometido,1
User_577,User_933,2023-03-15 21:31:37,novios,2
User_578,User_250,2023-11-26 23:20:33,novios,2
User_579,User_258,2024-03-20 22:39:04,casado,9
User_580,User_623,2020-12-03 12:57:55,soltero,1
User_581,User_1161,2024-01-02 20:58:48,comprometido,9
User_582,User_348,2022-04-26 04:05:53,casado,6
User_583,User_841,2023-10-01 22:51:08,soltero,5
User_584,User_1199,2020-08-03 07:19:33,casado,6
User_585,User_1003,2023-04-04 17:20:34,novios,8
User_586,User_89,2020-06-30 19:12:01,comprometido,1
User_587,User_619,2023-11-24 20:14:58,casado,5
User_588,User_176,2023-11-23 02:36:09,soltero,1
User_589,User_568,2024-03-23 11:37:35,comprometido,6
User_590,User_1134,2020-08-31 15:04:15,comprometido,10
User_591,User_1111,2022-02-16 22:55:23,novios,9
User_592,User_126,2021-05-01 11:45:03,comprometido,2
User_593,User_611,2023-05-12 01:15:23,comprometido,3
User_594,User_329,2020-04-23 15:34:23,soltero,3
User_595,User_950,2020-12-17 22:52:16,casado,10
User_596,User_981,2020-05-27 19:03:52,casado,2
User_597,User_1036,2020-11-13 09:26:36,comprometido,7
User_598,User_438,2020-10-15 07:36:06,soltero,7
User_599,User_95,2021-02-10 04:12:50,soltero,7
User_600,User_677,2022-10-03 03:14:50,comprometido,3
User_601,User_170,2023-12-02 19:22:29,casado,4
User_602,User_627,2022-09-06 20:42:48,casado,10
User_603,User_46,2020-04-18 13:08:00,comprometido,4
User_604,User_417,2022-08-04 19:49:27,soltero,8
User_605,User_1119,2020-05-12 05:15:13,novios,1
User_606,User_1146,2023-11-10 13:06:38,casado,9
User_607,User_222,2023-08-22 05:13:31,comprometido,6
User_608,User_153,2023-12-17 21:45:50,novios,4
User_609,User_91,2022-05-23 14:51:18,comprometido,10
User_610,User_10,2023-01-29 02:00:35,soltero,5
User_611,User_739,2020-03-12 13:04:13,novios,2
User_612,User_585,2023-07-01 09:29:04,comprometido,2
User_613,User_865,2024-01-06 03:04:13,soltero,5
User_614,User_4,2021-08-08 06:23:37,comprometido,7
User_615,User_1191,2022-07-11 13:15:47,soltero,9
User_616,User_426,2020-10-03 17:51:22,soltero,5
User_617,User_629,2020-12-22 14:50:15,novios,3
User_618,User_1228,2020-01-31 05:35:56,casado,9
User_619,User_399,2023-10-15 10:14:56,novios,9
User_620,User_545,2020-07-26 17:27:38,novios,1
User_621,User_358,2022-03-22 16:29:24,novios,8
User_622,User_675,2021-02-04 18:28:57,casado,8
User_623,User_705,2023-01-18 21:06:40,soltero,3
User_624,User_11,2022-02-12 10:31:39,soltero,4
User_625,User_3,2021-03-25 23:33:07,casado,10
User_626,User_413,2023-05-06 06:18:30,comprometido,1
User_627,User_535,2023-07-05 14:15:01,casado,9
User_628,User_568,2020-10-17 10:18:51,casado,5
User_629,User_1036,2021-02-20 03:59:51,comprometido,6
User_630,User_1148,2022-09-22 03:45:51,comprometido,3
User_631,User_446,2020-08-11 11:30:33,casado,4
User_632,User_394,2020-11-06 13:32:27,novios,2
User_633,User_745,2021-11-25 08:16:09,soltero,10
User_634,User_809,2021-02-08 06:16:05,comprometido,9
User_635,User_865,2021-01-13 23:40:02,soltero,1
User_636,User_822,2022-01-05 01:43:56,casado,9
User_637,User_506,2021-01-06 09:08:29,comprometido,7
User_638,User_975,2024-02-24 07:04:13,comprometido,1
User_639,User_645,2021-08-17 03:30:11,comprometido,2
User_640,User_303,2022-12-22 07:12:55,casado,6
User_641,User_180,2020-01-30 11:12:31,comprometido,8
User_642,User_408,2023-04-09 19:37:16,novios,7
User_643,User_271,2022-10-22 08:45:00,comprometido,7
User_644,User_1128,2024-04-06 12:49:00,casado,5
User_645,User_136,2020-10-19 00:14:09,comprometido,1
User_646,User_349,2022-08-15 11:02:39,comprometido,10
User_647,User_167,2024-04-10 18:11:57,soltero,1
User_648,User_524,2022-09-06 04:02:18,novios,6
User_649,User_737,2021-04-16 00:55:29,comprometido,1
User_650,User_589,2023-05-04 13:14:45,comprometido,8
User_651,User_440,2021-07-01 07:28:26,casado,3
User_652,User_463,2021-10-11 16:31:45,novios,3
User_653,User_829,2023-12-05 04:37:39,comprometido,6
User_654,User_38,2020-01-05 22:35:33,comprometido,5
User_655,User_202,2024-01-14 16:54:05,novios,2
User_656,User_563,2021-10-19 22:12:17,soltero,7
User_657,User_1183,2024-02-16 17:26:40,casado,4
User_658,User_271,2023-03-15 19:26:02,casado,6
User_659,User_380,2020-02-01 21:43:03,casado,7
User_660,User_993,2022-06-06 11:59:56,casado,3
User_661,User_193,2021-03-10 04:05:01,novios,2
User_662,User_875,2022-12-21 11:01:55,casado,8
User_663,User_932,2020-01-14 01:53:41,soltero,8
User_664,User_757,2021-12-27 09:13:38,comprometido,6
User_665,User_1220,2020-09-08 19:31:21,comprometido,6
User_666,User_445,2022-10-03 13:42:56,casado,10
User_667,User_1045,2020-02-29 12:22:05,casado,9
User_668,User_60,2020-04-01 07:10:41,soltero,2
User_669,User_982,2020-10-16 22:37:24,comprometido,7
User_670,User_863,2020-06-22 14:49:09,soltero,3
User_671,User_161,2023-10-15 08:40:24,casado,10
User_672,User_993,2020-09-30 06:54:58,soltero,2
User_673,User_379,2021-10-25 20:46:41,novios,1
User_674,User_1016,2023-02-28 16:43:07,soltero,7
User_675,User_590,2022-03-10 16:01:39,soltero,9
User_676,User_895,2023-05-08 16:00:22,comprometido,2
User_677,User_1018,2022-08-12 04:01:22,comprometido,4
User_678,User_369,2020-02-19 14:18:47,comprometido,3
User_679,User_56,2020-03-01 03:59:35,novios,1
User_680,User_67,2022-05-08 15:39:27,casado,5
User_681,User_906,2021-07-01 12:50:20,comprometido,7
User_682,User_1137,2020-06-25 23:49:49,soltero,1
User_683,User_202,2022-06-07 05:54:26,comprometido,10
User_684,User_353,2020-10-28 11:14:48,comprometido,3
User_685,User_1097,2024-02-04 11:58:41,casado,7
User_686,User_360,2021-02-21 08:57:42,casado,5
User_687,User_251,2023-01-02 15:07:00,comprometido,10
User_688,User_230,2024-03-01 17:35:42,comprometido,6
User_689,User_904,2020-08-16 15:02:37,comprometido,6
User_690,User_379,2021-08-27 08:26:08,soltero,3
User_691,User_125,2022-02-24 07:35:13,novios,8
User_692,User_1143,2021-07-07 06:06:04,soltero,3
User_693,User_1221,2020-07-26 05:01:22,soltero,4
User_694,User_1063,2021-10-25 00:29:20,soltero,6
User_695,User_332,2023-01-20 03:39:14,comprometido,1
User_696,User_1085,2022-09-11 19:19:31,novios,6
User_697,User_587,2020-01-07 15:37:13,soltero,1
User_698,User_702,2021-08-26 20:55:44,comprometido,9
User_699,User_935,2020-04-27 23:02:05,novios,4
User_700,User_19,2020-01-01 19:38:57,novios,2
User_701,User_73,2022-04-14 18:46:54,casado,2
User_702,User_582,2021-12-14 03:11:48,soltero,8
User_703,User_299,2022-03-20 07:26:08,novios,6
User_704,User_262,2020-10-07 15:40:02,soltero,9
User_705,User_331,2020-12-11 22:02:45,comprometido,3
User_706,User_784,2021-07-28 15:54:42,comprometido,2
User_707,User_903,2021-07-10 15:02:02,casado,1
User_708,User_959,2023-07-29 10:45:19,comprometido,10
User_709,User_199,2020-06-30 03:00:07,novios,4
User_710,User_73,2021-01-14 10:35:47,novios,7
User_711,User_739,2022-10-14 14:21:37,casado,4
User_712,User_561,2022-01-13 14:25:25,soltero,1
User_713,User_752,2020-01-05 20:07:22,soltero,2
User_714,User_839,2023-12-15 16:18:50,novios,8
User_715,User_453,2020-09-23 07:56:52,casado,3
User_716,User_1118,2023-02-24 07:02:50,casado,8
User_717,User_230,2022-06-26 23:59:32,casado,4
User_718,User_61,2020-11-06 09:36:28,soltero,10
User_719,User_976,2023-06-01 10:11:24,soltero,2
User_720,User_932,2020-04-26 14:11:27,comprometido,2
User_721,User_6,2023-12-11 23:56:37,casado,10
User_722,User_741,2020-11-05 03:49:46,casado,7
User_723,User_87,2022-01-27 15:14:02,casado,8
User_724,User_1231,2023-07-16 09:08:29,soltero,3
User_725,User_885,2020-03-14 01:58:36,comprometido,6
User_726,User_385,2020-01-08 10:49:39,casado,5
User_727,User_315,2024-04-04 04:30:44,casado,6
User_728,User_1143,2021-01-25 19:41:26,soltero,3
User_729,User_22,2021-12-26 09:33:13,comprometido,5
User_730,User_1118,2021-03-24 11:22:05,soltero,10
User_731,User_55,2021-12-30 19:36:18,comprometido,10
User_732,User_758,2022-01-08 19:56:09,soltero,10
User_733,User_983,2023-07-08 22:49:14,soltero,6
User_734,User_877,2021-08-04 00:58:02,comprometido,8
User_735,User_1092,2024-03-05 21:59:57,soltero,9
User_736,User_418,2021-11-11 10:17:15,novios,10
User_737,User_597,2022-05-18 20:06:13,casado,9
User_738,User_972,2023-10-13 00:39:59,casado,3
User_739,User_643,2023-06-09 02:49:29,casado,5
User_740,User_1058,2022-01-25 07:27:46,comprometido,5
User_741,User_1078,2022-04-12 20:05:23,novios,3
User_742,User_684,2022-03-02 05:20:25,soltero,7
User_743,User_378,2022-04-17 16:56:37,casado,10
User_744,User_554,2022-03-14 13:02:24,comprometido,3
User_745,User_239,2023-01-26 15:46:00,casado,7
User_746,User_708,2020-03-26 02:54:25,novios,6
User_747,User_463,2021-01-27 22:21:59,novios,9
User_748,User_426,2023-05-24 08:30:06,casado,4
User_749,User_1109,2022-08-10 17:34:08,comprometido,8
User_750,User_66,2024-03-18 06:25:39,comprometido,6
User_751,User_320,2022-04-15 23:45:08,soltero,9
User_752,User_633,2021-08-12 00:45:12,comprometido,9
User_753,User_1091,2020-05-13 18:05:05,comprometido,2
User_754,User_492,2020-05-29 08:44:37,novios,4
User_755,User_17,2021-04-21 02:30:21,comprometido,2
User_756,User_875,2021-07-16 22:33:28,novios,8
User_757,User_481,2022-05-08 08:05:21,novios,2
User_758,User_232,2020-03-28 20:26:57,comprometido,3
User_759,User_289,2022-11-27 03:17:17,comprometido,3
User_760,User_770,2021-07-17 21:29:42,novios,8
User_761,User_249,2020-06-10 13:14:20,novios,8
User_762,User_210,2021-08-03 00:37:15,soltero,6
User_763,User_703,2022-04-04 11:42:27,casado,2
User_764,User_81,2022-12-01 21:55:21,casado,6
User_765,User_150,2020-06-01 02:24:43,soltero,7
User_766,User_827,2020-10-06 12:09:50,novios,4
User_767,User_1025,2020-12-22 14:03:20,soltero,2
User_768,User_746,2021-01-25 17:09:13,comprometido,10
User_769,User_257,2023-06-10 07:13:59,soltero,3
User_770,User_842,2022-08-15 09:54:15,comprometido,7
User_771,User_30,2020-08-18 05:44:47,casado,1
User_772,User_558,2020-02-01 21:15:16,comprometido,3
User_773,User_670,2021-04-30 19:58:20,soltero,1
User_774,User_1201,2020-01-07 00:14:39,comprometido,7
User_775,User_786,2020-11-23 13:54:50,soltero,6
User_776,User_1162,2023-12-29 00:33:12,comprometido,4
User_777,User_768,2021-10-18 02:01:01,casado,7
User_778,User_90,2022-11-17 04:51:43,soltero,7
User_779,User_1174,2023-12-20 10:29:23,soltero,4
User_780,User_300,2021-09-22 22:12:26,casado,8
User_781,User_188,2020-12-05 23:32:01,novios,2
User_782,User_814,2020-04-03 10:30:12,comprometido,1
User_783,User_943,2020-07-02 12:14:16,soltero,3
User_784,User_737,2020-10-07 09:33:14,soltero,8
User_785,User_792,2022-01-08 03:38:52,soltero,5
User_786,User_1132,2021-02-06 03:16:27,soltero,7
User_787,User_650,2020-11-02 17:41:30,comprometido,7
User_788,User_310,2022-02-27 04:52:29,casado,7
User_789,User_442,2020-11-23 15:05:09,novios,7
User_790,User_1195,2022-05-10 03:04:32,soltero,8
User_791,User_649,2022-12-19 01:24:32,casado,7
User_792,User_704,2021-05-07 15:49:01,comprometido,9
User_793,User_1111,2023-11-07 06:17:27,soltero,6
User_794,User_383,2021-11-18 07:38:28,novios,4
User_795,User_1053,2023-01-26 22:49:40,novios,1
User_796,User_1173,2021-02-22 17:18:13,soltero,8
User_797,User_607,2021-07-16 05:44:39,novios,10
User_798,User_902,2020-05-31 06:33:41,novios,7
User_799,User_96,2020-11-22 15:29:04,casado,9
User_800,User_1147,2021-05-31 22:01:46,novios,5
User_801,User_401,2020-11-21 02:38:22,novios,1
User_802,User_699,2023-12-30 03:44:22,comprometido,8
User_803,User_425,2022-08-10 19:37:31,novios,10
User_804,User_175,2020-08-20 14:47:18,comprometido,6
User_805,User_711,2022-12-18 14:50:52,soltero,9
User_806,User_904,2023-07-15 21:02:24,casado,4
User_807,User_1194,2023-09-15 12:47:20,novios,3
User_808,User_894,2023-09-28 16:03:00,soltero,1
User_809,User_594,2022-10-13 06:44:33,soltero,1
User_810,User_393,2020-10-06 12:43:53,soltero,10
User_811,User_1161,2022-09-07 12:03:13,comprometido,10
User_812,User_998,2020-02-11 03:59:43,casado,4
User_813,User_918,2021-02-18 03:38:55,comprometido,3
User_814,User_996,2021-11-04 12:58:58,comprometido,8
User_815,User_162,2022-07-04 10:21:21,casado,8
User_816,User_72,2020-11-01 17:35:47,casado,6
User_817,User_1222,2023-07-23 16:05:45,casado,3
User_818,User_31,2021-01-16 02:31:21,comprometido,2
User_819,User_620,2022-08-20 02:58:22,comprometido,8
User_820,User_1109,2022-10-09 09:55:58,comprometido,5
User_821,User_910,2021-12-05 09:55:13,novios,6
User_822,User_1046,2022-09-07 15:37:14,casado,2
User_823,User_217,2023-12-26 18:28:05,novios,8
User_824,User_455,2020-12-27 14:31:18,comprometido,3
User_825,User_930,2022-08-29 10:45:02,casado,6
User_826,User_13,2023-06-15 07:37:36,novios,2
User_827,User_176,2020-01-18 00:23:17,comprometido,4
User_828,User_674,2020-02-29 17:47:41,novios,9
User_829,User_813,2020-05-20 14:57:18,casado,7
User_830,User_1154,2023-06-03 17:16:21,casado,5
User_831,User_298,2020-05-15 05:47:00,soltero,4
User_832,User_76,2022-02-26 10:35:57,novios,3
User_833,User_504,2020-05-30 07:18:02,casado,5
User_834,User_862,2020-08-23 13:52:48,casado,7
User_835,User_607,2023-06-05 02:55:25,comprometido,9
User_836,User_1211,2023-12-25 14:32:13,soltero,9
User_837,User_710,2023-03-01 13:07:07,soltero,5
User_838,User_798,2020-10-25 18:18:40,novios,9
User_839,User_788,2021-08-27 18:41:03,soltero,6
User_840,User_21,2023-03-09 13:40:29,casado,2
User_841,User_506,2020-09-26 05:50:16,novios,4
User_842,User_509,2022-10-25 08:32:34,novios,1
User_843,User_1084,2023-01-25 15:55:07,soltero,5
User_844,User_24,2023-11-10 12:44:16,novios,7
User_845,User_899,2024-02-29 13:11:07,novios,1
User_846,User_429,2020-07-04 04:03:41,comprometido,9
User_847,User_951,2021-04-27 18:40:54,casado,4
User_848,User_1248,2021-08-13 11:18:08,soltero,5
User_849,User_205,2024-02-23 02:58:40,novios,9
User_850,User_106,2020-02-11 04:51:31,comprometido,5
User_851,User_722,2021-11-12 08:27:41,novios,5
User_852,User_828,2020-08-08 05:08:11,comprometido,8
User_853,User_826,2020-05-08 05:06:12,casado,7
User_854,User_149,2022-03-11 20:32:01,novios,8
User_855,User_1210,2022-07-31 01:16:58,casado,1
User_856,User_1038,2021-08-10 10:37:34,novios,10
User_857,User_1013,2023-09-06 05:50:47,soltero,6
User_858,User_1176,2020-01-30 04:30:09,casado,4
User_859,User_121,2020-06-03 05:16:30,casado,1
User_860,User_470,2022-10-06 15:48:37,comprometido,8
User_861,User_1150,2023-02-16 20:25:47,comprometido,10
User_862,User_65,2022-03-27 14:50:13,comprometido,8
User_863,User_770,2023-05-24 22:22:58,comprometido,6
User_864,User_48,2022-09-15 03:16:44,casado,4
User_865,User_307,2023-01-04 22:17:06,casado,6
User_866,User_931,2020-02-26 11:06:18,casado,4
User_867,User_1187,2022-08-02 17:42:16,comprometido,7
User_868,User_806,2024-03-22 22:36:34,comprometido,6
User_869,User_275,2023-08-29 23:37:28,novios,3
User_870,User_515,2021-08-16 23:53:40,novios,7
User_871,User_1083,2022-07-19 05:16:24,novios,1
User_872,User_431,2020-04-02 21:18:52,novios,9
User_873,User_526,2022-08-20 23:50:48,comprometido,8
User_874,User_1027,2022-12-17 20:55:01,casado,9
User_875,User_1066,2020-07-29 06:59:01,novios,7
User_876,User_1026,2020-10-04 06:13:40,comprometido,10
User_877,User_613,2021-06-09 19:31:22,casado,2
User_878,User_600,2021-11-07 14:49:54,novios,7
User_879,User_610,2021-01-07 03:04:46,novios,7
User_880,User_989,2020-02-26 01:05:09,comprometido,9
User_881,User_588,2024-03-06 01:17:33,novios,10
User_882,User_1123,2022-08-05 00:10:18,novios,2
User_883,User_1121,2021-10-27 06:00:35,soltero,6
User_884,User_621,2021-08-31 17:22:54,casado,1
User_885,User_741,2021-03-22 06:31:38,soltero,6
User_886,User_731,2022-08-24 13:14:37,soltero,7
User_887,User_867,2022-01-05 03:19:56,soltero,4
User_888,User_728,2023-01-02 18:21:48,soltero,8
User_889,User_923,2022-05-31 08:40:25,casado,7
User_890,User_1083,2023-12-18 18:35:24,comprometido,8
User_891,User_832,2023-04-06 21:25:42,soltero,6
User_892,User_294,2021-06-14 03:30:37,novios,5
User_893,User_1002,2020-07-27 13:25:15,soltero,9
User_894,User_913,2020-08-04 04:39:34,soltero,4
User_895,User_989,2024-02-08 03:38:06,comprometido,10
User_896,User_1004,2023-07-17 14:32:35,comprometido,7
User_897,User_349,2021-04-01 07:16:04,comprometido,7
User_898,User_285,2022-07-05 10:57:55,comprometido,10
User_899,User_795,2021-02-16 01:39:34,soltero,10
User_900,User_339,2022-01-06 21:34:52,soltero,2
User_901,User_854,2020-05-29 17:10:52,novios,2
User_902,User_466,2022-09-08 17:54:08,novios,8
User_903,User_244,2023-02-25 02:20:10,casado,9
User_904,User_502,2021-08-25 15:41:11,soltero,5
User_905,User_132,2021-09-10 09:18:17,casado,1
User_906,User_1073,2023-02-27 17:29:17,novios,5
User_907,User_999,2023-02-24 23:11:30,soltero,7
User_908,User_1034,2020-11-28 15:53:52,soltero,3
User_909,User_172,2022-11-24 21:42:24,casado,3
User_910,User_208,2021-11-14 21:57:22,comprometido,8
User_911,User_53,2021-04-28 07:12:19,novios,5
User_912,User_44,2024-03-16 13:41:38,soltero,7
User_913,User_1035,2021-02-10 12:20:32,novios,10
User_914,User_875,2022-12-24 13:53:53,novios,3
User_915,User_425,2021-04-09 09:37:35,casado,4
User_916,User_235,2021-03-17 05:47:50,casado,1
User_917,User_1050,2022-07-12 07:34:11,soltero,8
User_918,User_221,2020-06-04 23:16:32,novios,8
User_919,User_429,2020-05-02 04:03:57,casado,3
User_920,User_610,2020-09-30 04:27:59,novios,4
User_921,User_232,2021-07-01 15:33:53,casado,2
User_922,User_426,2020-06-29 00:55:30,soltero,7
User_923,User_1207,2021-12-04 12:19:10,novios,3
User_924,User_1215,2021-02-24 01:07:33,novios,4
User_925,User_1079,2021-06-12 20:23:05,novios,4
User_926,User_1021,2022-01-23 04:51:23,novios,8
User_927,User_817,2020-11-11 09:37:15,soltero,7
User_928,User_1097,2023-09-12 06:12:02,comprometido,9
User_929,User_986,2022-08-16 10:33:43,casado,7
User_930,User_150,2022-06-27 01:45:01,casado,5
User_931,User_245,2020-11-22 03:52:27,soltero,8
User_932,User_1046,2020-02-22 17:30:10,casado,2
User_933,User_1248,2024-02-10 03:57:27,comprometido,7
User_934,User_878,2024-03-25 06:09:26,soltero,4
User_935,User_859,2023-09-26 12:39:24,soltero,2
User_936,User_603,2020-10-24 19:59:57,novios,7
User_937,User_373,2023-12-31 02:19:36,soltero,3
User_938,User_417,2022-11-10 05:32:17,soltero,2
User_939,User_976,2022-01-20 14:07:44,novios,10
User_940,User_176,2024-03-07 14:42:55,soltero,10
User_941,User_224,2022-03-08 03:24:47,soltero,7
User_942,User_1053,2022-06-29 16:15:47,comprometido,8
User_943,User_864,2020-01-06 22:09:40,casado,7
User_944,User_597,2022-06-19 07:43:28,soltero,4
User_945,User_244,2020-12-17 07:06:24,novios,3
User_946,User_268,2023-12-29 14:10:07,comprometido,10
User_947,User_226,2022-12-05 22:40:51,casado,7
User_948,User_670,2022-03-18 23:21:02,novios,1
User_949,User_147,2021-10-03 22:47:16,novios,8
User_950,User_673,2022-12-11 21:30:58,casado,4
User_951,User_607,2020-04-23 10:43:14,casado,3
User_952,User_278,2020-11-02 23:23:59,soltero,6
User_953,User_937,2022-01-30 23:57:30,casado,2
User_954,User_1223,2023-12-24 02:31:54,novios,2
User_955,User_1037,2020-10-10 11:32:20,casado,10
User_956,User_333,2020-04-09 08:22:19,comprometido,2
User_957,User_1162,2023-07-30 08:31:44,comprometido,9
User_958,User_612,2021-06-21 07:17:44,novios,6
User_959,User_394,2024-02-25 04:50:20,soltero,5
User_960,User_82,2022-04-10 06:11:57,comprometido,4
User_961,User_174,2020-07-31 08:06:36,comprometido,5
User_962,User_1226,2021-02-15 04:51:25,casado,4
User_963,User_136,2021-05-28 10:23:08,soltero,7
User_964,User_824,2022-04-06 11:49:17,comprometido,5
User_965,User_115,2021-07-19 06:01:20,comprometido,10
User_966,User_732,2022-09-04 13:20:22,novios,10
User_967,User_69,2023-06-13 22:34:51,casado,8
User_968,User_423,2021-01-26 22:27:23,soltero,1
User_969,User_216,2021-04-01 13:38:03,novios,5
User_970,User_816,2022-08-11 09:27:58,soltero,1
User_971,User_1225,2020-06-14 12:04:02,novios,2
User_972,User_1012,2022-02-06 08:48:24,soltero,2
User_973,User_261,2024-01-03 02:09:27,novios,9
User_974,User_743,2024-01-06 20:20:35,comprometido,10
User_975,User_1133,2023-10-27 16:57:13,novios,3
User_976,User_521,2022-04-02 15:25:01,soltero,3
User_977,User_702,2023-04-20 22:02:55,soltero,8
User_978,User_318,2022-03-29 00:08:20,casado,7
User_979,User_119,2022-05-17 23:47:58,soltero,3
User_980,User_348,2023-03-02 04:26:22,casado,3
User_981,User_230,2020-03-26 04:49:17,comprometido,2
User_982,User_41,2020-10-20 04:18:45,soltero,10
User_983,User_409,2023-02-25 20:24:21,casado,9
User_984,User_347,2021-10-14 14:28:32,novios,5
User_985,User_496,2022-12-07 22:07:09,novios,8
User_986,User_573,2023-02-19 15:02:44,novios,1
User_987,User_76,2020-10-27 06:10:46,casado,9
User_988,User_199,2024-02-18 19:10:58,soltero,1
User_989,User_143,2022-03-03 07:49:25,casado,6
User_990,User_999,2021-09-11 21:43:23,novios,3
User_991,User_332,2021-03-28 07:57:48,soltero,7
User_992,User_612,2022-11-29 12:41:30,comprometido,7
User_993,User_157,2022-05-26 06:19:11,casado,5
User_994,User_1085,2022-04-30 18:31:55,casado,6
User_995,User_979,2020-08-10 12:18:23,comprometido,4
User_996,User_40,2023-03-14 08:49:41,novios,3
User_997,User_372,2024-01-31 02:43:18,casado,4
User_998,User_784,2022-07-03 12:34:27,comprometido,5
User_999,User_1171,2022-05-14 16:02:36,casado,10
User_1000,User_817,2020-09-13 16:18:44,comprometido,6
User_1001,User_147,2022-06-20 14:24:54,casado,2
User_1002,User_1128,2022-04-24 15:38:13,comprometido,3
User_1003,User_267,2020-12-17 10:47:13,comprometido,9
User_1004,User_1028,2022-01-18 11:55:46,novios,10
User_1005,User_997,2021-08-30 14:49:43,comprometido,10
User_1006,User_290,2022-02-04 14:10:11,soltero,4
User_1007,User_125,2022-07-25 17:16:38,novios,7
User_1008,User_554,2022-08-02 12:19:03,soltero,6
User_1009,User_1083,2022-06-04 03:55:56,novios,2
User_1010,User_1104,2024-04-07 05:54:13,casado,8
User_1011,User_420,2022-11-11 00:08:46,comprometido,9
User_1012,User_406,2020-09-16 09:13:16,novios,2
User_1013,User_606,2020-04-03 11:20:07,comprometido,7
User_1014,User_679,2022-01-07 17:46:48,comprometido,6
User_1015,User_657,2022-05-21 10:35:57,casado,8
User_1016,User_88,2024-04-04 07:27:28,casado,8
User_1017,User_409,2022-03-16 23:16:37,novios,10
User_1018,User_81,2020-03-30 18:11:07,soltero,4
User_1019,User_378,2024-03-08 23:08:40,soltero,1
User_1020,User_361,2024-01-12 01:07:43,comprometido,5
User_1021,User_626,2022-01-15 02:41:58,soltero,10
User_1022,User_964,2023-03-16 13:37:26,comprometido,1
User_1023,User_673,2022-09-19 17:57:59,soltero,6
User_1024,User_588,2020-12-05 11:49:33,soltero,6
User_1025,User_34,2023-04-11 00:32:53,soltero,9
User_1026,User_739,2020-03-05 02:33:21,casado,5
User_1027,User_841,2024-02-29 23:51:33,soltero,8
User_1028,User_839,2021-05-01 22:53:34,soltero,8
User_1029,User_458,2023-12-04 22:30:28,soltero,4
User_1030,User_881,2020-08-26 20:15:38,soltero,1
User_1031,User_1217,2023-12-17 12:24:51,casado,10
User_1032,User_977,2023-07-20 05:28:11,casado,8
User_1033,User_501,2022-10-29 04:02:55,soltero,3
User_1034,User_814,2023-08-03 08:14:33,casado,7
User_1035,User_994,2024-01-24 23:55:19,casado,10
User_1036,User_311,2021-05-04 21:55:29,casado,4
User_1037,User_1183,2023-07-25 22:42:28,casado,7
User_1038,User_337,2022-08-09 05:22:36,soltero,9
User_1039,User_230,2020-07-06 13:21:10,novios,5
User_1040,User_63,2023-07-27 07:40:54,comprometido,6
User_1041,User_730,2021-07-05 17:23:43,novios,5
User_1042,User_783,2022-09-28 03:45:14,soltero,5
User_1043,User_630,2022-08-25 10:37:29,soltero,6
User_1044,User_300,2022-06-29 16:42:11,novios,1
User_1045,User_437,2021-01-01 08:00:07,casado,2
User_1046,User_1185,2021-01-10 05:51:48,soltero,2
User_1047,User_850,2023-01-31 12:19:47,novios,6
User_1048,User_1017,2024-02-06 21:39:56,novios,3
User_1049,User_69,2021-08-23 00:31:53,casado,8
User_1050,User_195,2020-04-11 07:30:38,soltero,7
User_1051,User_441,2024-01-06 23:49:53,soltero,5
User_1052,User_670,2023-02-19 03:23:40,casado,7
User_1053,User_478,2021-07-28 11:40:55,novios,1
User_1054,User_149,2021-06-10 07:42:34,casado,9
User_1055,User_1092,2023-02-14 14:16:34,soltero,6
User_1056,User_640,2024-01-28 04:44:07,comprometido,5
User_1057,User_585,2021-11-16 20:14:32,novios,7
User_1058,User_425,2021-10-29 21:59:38,novios,3
User_1059,User_716,2023-02-21 16:57:05,soltero,6
User_1060,User_873,2023-01-22 20:22:22,casado,2
User_1061,User_880,2020-01-04 11:56:03,novios,6
User_1062,User_294,2023-06-05 12:49:27,soltero,6
User_1063,User_265,2023-02-03 22:17:23,comprometido,6
User_1064,User_824,2022-03-17 01:05:52,casado,7
User_1065,User_388,2020-12-22 22:37:43,soltero,2
User_1066,User_213,2021-06-23 13:33:40,casado,10
User_1067,User_792,2021-12-30 22:19:12,novios,1
User_1068,User_2,2020-02-17 07:18:14,novios,6
User_1069,User_254,2024-02-17 09:18:20,casado,1
User_1070,User_761,2021-09-03 15:17:31,soltero,7
User_1071,User_915,2020-07-28 09:14:01,comprometido,9
User_1072,User_735,2020-03-04 02:57:01,casado,2
User_1073,User_288,2024-02-03 20:18:51,soltero,1
User_1074,User_301,2024-04-09 01:13:20,soltero,1
User_1075,User_683,2023-10-14 05:43:31,soltero,4
User_1076,User_18,2021-09-20 22:15:04,novios,6
User_1077,User_1114,2021-12-01 08:29:05,casado,4
User_1078,User_752,2022-09-17 05:40:49,soltero,10
User_1079,User_730,2022-06-04 04:09:53,casado,3
User_1080,User_290,2021-09-11 19:28:54,casado,2
User_1081,User_263,2022-01-24 08:30:05,comprometido,10
User_1082,User_990,2020-06-22 05:17:35,casado,7
User_1083,User_253,2024-03-19 02:26:27,soltero,2
User_1084,User_931,2022-12-05 23:32:22,novios,10
User_1085,User_568,2020-02-17 15:22:38,soltero,1
User_1086,User_564,2021-05-19 11:23:53,comprometido,10
User_1087,User_413,2021-04-03 18:22:20,novios,1
User_1088,User_299,2020-05-10 00:04:09,casado,3
User_1089,User_937,2022-01-29 06:32:22,novios,10
User_1090,User_893,2022-11-15 15:01:25,soltero,8
User_1091,User_644,2023-09-24 01:04:57,soltero,10
User_1092,User_398,2022-11-09 11:01:18,comprometido,8
User_1093,User_124,2021-10-01 01:09:51,casado,1
User_1094,User_145,2023-08-25 20:56:13,casado,3
User_1095,User_167,2022-03-19 06:55:39,soltero,8
User_1096,User_1155,2023-09-17 00:47:22,casado,9
User_1097,User_374,2023-12-27 16:30:54,casado,3
User_1098,User_679,2020-08-02 15:20:52,comprometido,7
User_1099,User_1091,2021-09-02 06:49:54,soltero,3
User_1100,User_143,2023-06-06 09:19:39,comprometido,6
User_1101,User_27,2020-08-30 08:47:38,casado,9
User_1102,User_528,2022-10-01 12:05:49,novios,2
User_1103,User_534,2022-01-23 22:39:26,novios,9
User_1104,User_915,2020-09-17 18:14:48,casado,8
User_1105,User_248,2020-07-23 10:05:50,soltero,9
User_1106,User_423,2023-07-25 15:11:46,casado,5
User_1107,User_309,2023-02-20 00:04:15,comprometido,3
User_1108,User_26,2023-06-27 07:45:52,casado,7
User_1109,User_518,2022-08-18 04:08:52,novios,6
User_1110,User_174,2022-08-03 23:28:19,casado,1
User_1111,User_1038,2022-06-05 19:40:30,novios,10
User_1112,User_674,2023-12-01 11:42:51,novios,6
User_1113,User_128,2021-11-28 20:39:22,soltero,4
User_1114,User_1121,2022-07-20 15:42:53,soltero,7
User_1115,User_1245,2024-01-02 10:36:08,comprometido,7
User_1116,User_1074,2021-02-27 03:01:50,novios,8
User_1117,User_42,2020-08-05 01:55:15,casado,1
User_1118,User_647,2023-04-22 02:09:31,novios,10
User_1119,User_749,2023-02-22 07:12:35,soltero,10
User_1120,User_618,2020-08-20 09:22:39,soltero,3
User_1121,User_547,2023-06-22 16:55:57,soltero,2
User_1122,User_422,2023-11-07 22:42:59,comprometido,4
User_1123,User_211,2021-03-02 13:37:56,soltero,10
User_1124,User_311,2021-10-10 00:35:11,comprometido,10
User_1125,User_198,2021-12-07 09:30:03,casado,5
User_1126,User_122,2020-05-15 20:37:51,casado,5
User_1127,User_912,2021-08-25 06:16:50,novios,8
User_1128,User_373,2020-03-08 21:06:39,soltero,3
User_1129,User_390,2021-09-20 08:11:26,novios,10
User_1130,User_463,2024-01-25 03:05:44,soltero,2
User_1131,User_149,2020-04-02 01:44:05,casado,7
User_1132,User_442,2022-09-08 20:06:17,soltero,8
User_1133,User_384,2021-02-11 02:16:57,soltero,1
User_1134,User_645,2024-01-11 22:29:59,novios,4
User_1135,User_447,2022-01-07 01:50:00,soltero,8
User_1136,User_911,2021-04-27 06:06:18,novios,1
User_1137,User_52,2021-10-07 12:09:02,soltero,1
User_1138,User_442,2023-03-20 02:02:03,novios,2
User_1139,User_1048,2021-03-17 07:44:48,comprometido,10
User_1140,User_591,2022-12-27 18:12:02,soltero,5
User_1141,User_606,2023-11-20 02:57:47,soltero,9
User_1142,User_89,2023-03-06 00:12:15,comprometido,6
User_1143,User_1011,2021-10-12 15:19:55,comprometido,5
User_1144,User_24,2023-09-11 09:07:22,soltero,5
User_1145,User_35,2021-08-20 00:02:19,novios,2
User_1146,User_1109,2022-05-19 01:36:40,soltero,7
User_1147,User_539,2021-05-04 01:43:28,novios,9
User_1148,User_1051,2020-02-09 00:42:34,novios,4
User_1149,User_610,2021-12-05 09:12:54,casado,2
User_1150,User_919,2023-10-10 03:52:12,comprometido,10
User_1151,User_539,2020-08-19 14:41:01,casado,6
User_1152,User_614,2022-04-16 00:58:41,comprometido,5
User_1153,User_524,2023-10-27 04:32:09,comprometido,3
User_1154,User_110,2023-05-25 02:08:36,soltero,10
User_1155,User_355,2023-02-24 07:06:54,novios,8
User_1156,User_1065,2021-09-20 11:53:02,casado,8
User_1157,User_369,2021-03-13 06:31:04,comprometido,10
User_1158,User_482,2023-02-20 03:19:35,soltero,5
User_1159,User_401,2020-05-18 00:10:23,novios,8
User_1160,User_543,2020-07-23 12:08:10,comprometido,6
User_1161,User_438,2022-10-11 06:22:27,comprometido,10
User_1162,User_251,2022-05-21 02:28:49,comprometido,1
User_1163,User_21,2023-07-05 17:48:14,soltero,4
User_1164,User_1232,2023-07-29 01:23:17,novios,5
User_1165,User_783,2020-12-30 16:14:58,novios,9
User_1166,User_266,2022-06-19 13:32:30,novios,1
User_1167,User_937,2020-10-18 18:29:07,soltero,9
User_1168,User_498,2023-06-22 01:04:14,casado,7
User_1169,User_397,2022-03-15 12:59:41,casado,5
User_1170,User_1034,2023-08-23 01:55:11,casado,3
User_1171,User_351,2022-05-26 19:18:09,soltero,5
User_1172,User_186,2024-01-28 04:28:40,soltero,8
User_1173,User_346,2023-06-27 01:18:01,novios,1
User_1174,User_322,2021-07-30 19:51:50,novios,8
User_1175,User_988,2020-10-28 19:25:21,casado,9
User_1176,User_1149,2021-11-28 21:55:15,novios,3
User_1177,User_358,2022-09-07 01:04:53,casado,1
User_1178,User_36,2020-06-28 22:50:57,soltero,1
User_1179,User_533,2023-09-14 22:57:36,soltero,5
User_1180,User_1060,2021-01-19 01:08:38,comprometido,5
User_1181,User_291,2020-07-22 04:22:11,comprometido,8
User_1182,User_172,2021-06-08 17:28:55,soltero,2
User_1183,User_1244,2023-04-29 07:43:47,casado,10
User_1184,User_679,2020-08-08 18:41:34,comprometido,5
User_1185,User_295,2021-04-14 23:39:00,soltero,1
User_1186,User_625,2020-12-10 20:12:10,soltero,1
User_1187,User_520,2020-07-06 08:25:06,soltero,8
User_1188,User_1009,2024-01-10 01:54:47,casado,2
User_1189,User_892,2023-06-10 15:11:32,comprometido,5
User_1190,User_493,2021-02-07 20:23:07,comprometido,6
User_1191,User_887,2022-08-02 03:46:10,comprometido,10
User_1192,User_897,2020-05-14 14:43:57,comprometido,1
User_1193,User_72,2022-09-08 06:54:14,soltero,3
User_1194,User_390,2022-11-16 19:43:49,novios,10
User_1195,User_252,2020-08-14 09:17:10,soltero,8
User_1196,User_356,2020-08-02 03:44:38,casado,1
User_1197,User_862,2020-04-20 15:15:38,casado,4
User_1198,User_70,2021-02-04 16:35:56,soltero,9
User_1199,User_838,2023-02-08 18:04:14,soltero,7
User_1200,User_1051,2021-06-15 23:29:11,novios,7
User_1201,User_126,2022-02-13 17:06:07,soltero,10
User_1202,User_1081,2020-06-18 04:27:03,casado,3
User_1203,User_75,2020-09-24 15:28:57,comprometido,7
User_1204,User_580,2023-10-07 16:06:44,novios,4
User_1205,User_1173,2023-12-03 03:42:05,comprometido,7
User_1206,User_347,2020-07-05 18:47:59,comprometido,9
User_1207,User_1240,2023-02-03 16:25:53,comprometido,3
User_1208,User_76,2024-03-28 17:35:52,soltero,5
User_1209,User_715,2023-12-15 14:36:14,casado,2
User_1210,User_317,2022-02-03 09:16:48,comprometido,5
User_1211,User_1164,2022-09-18 05:11:10,soltero,5
User_1212,User_1173,2023-07-05 01:10:06,casado,4
User_1213,User_20,2023-07-16 02:39:45,casado,1
User_1214,User_21,2020-07-07 15:28:41,novios,10
User_1215,User_293,2020-12-04 13:50:49,soltero,4
User_1216,User_488,2022-09-09 02:19:51,casado,3
User_1217,User_1167,2022-10-07 17:03:08,casado,8
User_1218,User_33,2022-03-12 06:20:35,soltero,6
User_1219,User_117,2020-03-10 22:32:22,soltero,10
User_1220,User_1133,2023-02-23 14:59:15,soltero,4
User_1221,User_527,2021-11-18 11:19:30,casado,1
User_1222,User_982,2021-11-22 23:57:21,novios,5
User_1223,User_940,2024-03-02 10:50:54,comprometido,9
User_1224,User_1136,2022-11-17 00:58:14,novios,5
User_1225,User_32,2021-02-21 22:11:53,casado,5
User_1226,User_433,2023-08-31 06:02:30,soltero,1
User_1227,User_186,2023-06-13 23:14:36,soltero,9
User_1228,User_475,2020-05-11 23:12:52,comprometido,1
User_1229,User_897,2021-03-09 17:11:23,novios,8
User_1230,User_304,2020-04-18 09:03:57,novios,1
User_1231,User_981,2021-06-27 17:34:02,casado,6
User_1232,User_65,2021-01-11 10:39:18,comprometido,1
User_1233,User_1102,2021-08-05 12:14:52,soltero,5
User_1234,User_153,2021-06-05 14:05:02,comprometido,4
User_1235,User_190,2020-11-01 15:28:45,casado,3
User_1236,User_392,2020-11-25 04:17:34,comprometido,1
User_1237,User_760,2022-11-18 21:32:37,comprometido,4
User_1238,User_611,2023-05-16 00:27:39,novios,1
User_1239,User_179,2023-04-16 10:04:21,soltero,3
User_1240,User_854,2022-01-21 16:43:24,casado,9
User_1241,User_780,2022-11-15 03:20:10,soltero,7
User_1242,User_1011,2021-06-19 18:02:43,comprometido,2
User_1243,User_1095,2021-08-03 19:31:45,casado,9
User_1244,User_866,2020-07-12 12:24:01,comprometido,1
User_1245,User_1152,2023-02-15 03:20:51,casado,8
User_1246,User_112,2020-01-05 22:01:32,casado,4
User_1247,User_973,2021-11-18 13:00:59,casado,2
User_1248,User_15,2021-11-28 11:44:12,casado,10
User_1249,User_182,2021-11-21 15:13:45,comprometido,1
