Username,Post,Date_posted,Post_type,Visibility
User_1244,Post_0,2024-02-24 01:46:03,text,public
User_2,Post_1,2023-11-25 00:27:57,video,friends
User_1055,Post_2,2022-08-23 18:15:49,video,public
User_434,Post_3,2024-02-21 06:05:13,video,public
User_807,Post_4,2022-09-08 11:01:06,video,friends
User_557,Post_5,2022-07-14 01:33:38,image,friends
User_299,Post_6,2020-01-20 21:08:58,text,friends
User_1119,Post_7,2023-05-30 07:09:04,video,public
User_605,Post_8,2021-07-10 22:43:59,video,private
User_1022,Post_9,2023-02-18 07:50:52,video,private
User_269,Post_10,2021-02-23 14:37:41,text,private
User_426,Post_11,2023-10-15 01:01:19,video,friends
User_1100,Post_12,2022-10-24 20:34:50,text,private
User_272,Post_13,2021-02-04 14:45:54,image,public
User_257,Post_14,2024-01-31 07:04:00,video,friends
User_257,Post_15,2020-10-06 00:42:55,text,public
User_1203,Post_16,2022-08-31 08:45:48,image,friends
User_1076,Post_17,2022-06-28 03:33:41,image,friends
User_1236,Post_18,2021-03-05 17:15:40,text,private
User_90,Post_19,2020-01-23 15:01:36,video,private
User_1202,Post_20,2020-04-23 22:37:23,video,friends
User_893,Post_21,2023-10-22 00:42:00,video,friends
User_1135,Post_22,2022-02-13 16:49:59,image,public
User_804,Post_23,2021-10-06 08:53:42,image,private
User_330,Post_24,2021-12-21 02:28:14,text,friends
User_537,Post_25,2023-07-27 22:00:38,text,friends
User_1198,Post_26,2021-12-21 02:56:51,text,private
User_101,Post_27,2023-12-22 07:03:10,image,public
User_1223,Post_28,2020-05-24 17:43:41,image,friends
User_1048,Post_29,2023-07-23 01:29:14,image,public
User_203,Post_30,2021-11-08 06:06:11,text,public
User_498,Post_31,2023-09-09 05:35:48,video,public
User_1134,Post_32,2023-03-03 03:11:21,text,private
User_594,Post_33,2023-10-25 10:02:19,text,private
User_537,Post_34,2022-11-27 06:56:42,video,public
User_59,Post_35,2023-05-28 07:34:17,video,public
User_314,Post_36,2024-01-11 04:09:08,text,private
User_226,Post_37,2022-11-06 07:41:56,text,public
User_754,Post_38,2023-12-18 06:35:26,image,friends
User_67,Post_39,2022-03-19 21:46:08,video,public
User_412,Post_40,2020-09-23 10:28:20,text,public
User_732,Post_41,2022-11-13 05:01:42,text,public
User_496,Post_42,2021-01-21 01:23:24,text,friends
User_435,Post_43,2023-07-14 01:27:52,video,friends
User_504,Post_44,2020-09-20 16:43:20,video,private
User_1159,Post_45,2020-05-30 00:03:13,text,public
User_45,Post_46,2022-12-28 16:14:07,text,friends
User_777,Post_47,2021-02-15 08:50:07,video,private
User_601,Post_48,2024-01-21 12:29:39,video,friends
User_1104,Post_49,2022-09-01 19:39:55,image,private
User_537,Post_50,2020-04-16 00:45:01,text,public
User_10,Post_51,2022-05-17 21:26:28,text,friends
User_961,Post_52,2020-08-16 16:14:10,text,public
User_662,Post_53,2023-07-13 17:26:06,video,friends
User_938,Post_54,2020-03-13 11:55:28,video,public
User_446,Post_55,2024-02-29 00:02:28,image,public
User_368,Post_56,2023-03-30 04:42:52,image,private
User_793,Post_57,2023-09-08 21:30:30,image,friends
User_884,Post_58,2021-03-23 01:50:47,image,private
User_73,Post_59,2020-05-06 19:12:57,video,friends
User_1134,Post_60,2022-12-27 11:59:02,video,friends
User_46,Post_61,2023-02-16 10:21:40,text,friends
User_0,Post_62,2020-02-28 17:05:20,text,friends
User_425,Post_63,2021-03-18 23:36:34,image,private
User_426,Post_64,2021-09-24 18:56:03,image,private
User_952,Post_65,2023-10-04 11:20:58,video,private
User_820,Post_66,2020-07-18 23:55:43,text,public
User_670,Post_67,2024-03-04 04:48:37,text,friends
User_222,Post_68,2021-10-20 17:37:18,video,private
User_458,Post_69,2022-01-13 23:35:30,text,private
User_249,Post_70,2021-09-16 13:53:07,image,private
User_242,Post_71,2024-01-23 13:15:47,text,friends
User_145,Post_72,2023-01-14 15:47:03,image,friends
User_722,Post_73,2020-03-16 01:32:20,text,friends
User_1187,Post_74,2021-06-04 03:58:19,image,public
User_159,Post_75,2022-01-29 07:16:29,image,friends
User_278,Post_76,2023-07-15 23:12:11,image,friends
User_1014,Post_77,2021-10-01 23:30:42,text,public
User_992,Post_78,2023-04-06 23:53:45,image,private
User_327,Post_79,2023-03-28 23:57:21,image,public
User_944,Post_80,2021-01-16 07:48:10,text,friends
User_762,Post_81,2022-04-29 06:00:13,image,private
User_1121,Post_82,2022-06-01 19:10:00,image,friends
User_1025,Post_83,2024-04-03 05:23:15,text,public
User_78,Post_84,2021-06-09 15:59:51,video,private
User_609,Post_85,2021-10-15 03:51:34,video,private
User_901,Post_86,2021-08-17 05:59:24,image,friends
User_453,Post_87,2024-03-29 01:27:58,video,public
User_1149,Post_88,2021-07-30 01:25:32,text,private
User_548,Post_89,2020-02-22 12:58:07,image,friends
User_846,Post_90,2022-01-13 01:48:18,image,friends
User_19,Post_91,2023-06-13 17:10:20,video,public
User_223,Post_92,2021-03-05 23:01:58,text,friends
User_150,Post_93,2023-10-18 14:08:26,text,private
User_658,Post_94,2020-03-04 06:45:20,text,public
User_1247,Post_95,2021-04-12 09:52:08,video,public
User_52,Post_96,2021-09-14 07:33:15,image,friends
User_462,Post_97,2020-05-07 07:36:29,video,private
User_733,Post_98,2021-05-02 11:47:22,image,public
User_335,Post_99,2020-06-27 04:56:51,image,private
User_683,Post_100,2023-01-31 03:06:32,video,friends
User_1157,Post_101,2023-08-15 09:50:46,text,public
User_807,Post_102,2024-04-02 13:41:17,image,friends
User_60,Post_103,2021-08-17 09:30:01,video,private
User_1236,Post_104,2023-03-08 02:29:34,text,private
User_815,Post_105,2023-08-23 12:14:50,image,friends
User_940,Post_106,2023-06-22 17:00:24,text,friends
User_366,Post_107,2023-10-16 18:51:32,text,private
User_524,Post_108,2021-07-27 16:45:59,text,public
User_461,Post_109,2021-01-23 16:13:26,video,private
User_142,Post_110,2020-06-16 14:01:58,video,private
User_924,Post_111,2023-05-09 05:11:44,video,public
User_820,Post_112,2020-05-13 00:32:01,text,private
User_717,Post_113,2020-06-12 13:11:40,video,friends
User_174,Post_114,2023-06-04 21:38:45,text,private
User_1169,Post_115,2020-10-30 12:22:38,video,public
User_390,Post_116,2022-10-26 01:02:39,text,public
User_685,Post_117,2020-06-03 15:46:20,image,private
User_246,Post_118,2022-09-01 11:29:30,text,friends
User_645,Post_119,2021-11-17 00:51:36,text,private
User_47,Post_120,2023-09-01 05:59:33,video,public
User_1076,Post_121,2022-09-07 18:51:19,text,friends
User_195,Post_122,2021-08-16 01:26:07,text,friends
User_412,Post_123,2021-05-17 13:57:09,text,friends
User_599,Post_124,2021-03-09 05:31:50,text,public
User_873,Post_125,2022-09-29 19:40:19,text,private
User_1051,Post_126,2021-09-22 09:47:35,video,friends
User_653,Post_127,2023-05-03 10:02:02,video,private
User_832,Post_128,2022-10-06 21:15:22,text,private
User_944,Post_129,2020-05-15 01:14:45,image,public
User_82,Post_130,2021-09-17 10:14:47,image,friends
User_730,Post_131,2023-05-24 22:12:25,video,friends
User_1163,Post_132,2021-08-04 03:47:27,text,private
User_868,Post_133,2022-02-15 16:36:49,image,private
User_746,Post_134,2022-01-08 06:10:30,text,friends
User_193,Post_135,2022-10-23 00:43:25,video,friends
User_927,Post_136,2022-01-16 09:00:12,text,public
User_1105,Post_137,2020-09-08 14:22:27,text,private
User_1231,Post_138,2021-05-21 23:17:32,text,friends
User_265,Post_139,2023-07-06 18:50:40,image,friends
User_1241,Post_140,2023-10-10 23:15:27,text,friends
User_165,Post_141,2021-01-10 22:41:00,image,private
User_394,Post_142,2021-07-09 02:37:06,video,friends
User_663,Post_143,2021-05-11 03:22:11,video,friends
User_874,Post_144,2021-11-10 02:20:44,video,public
User_353,Post_145,2020-11-24 07:27:05,video,public
User_550,Post_146,2021-09-02 00:46:14,text,private
User_766,Post_147,2024-03-31 06:11:25,image,friends
User_275,Post_148,2022-01-21 05:14:28,text,friends
User_130,Post_149,2021-09-26 19:47:33,text,private
User_1202,Post_150,2021-07-09 10:31:18,text,private
User_369,Post_151,2023-02-04 08:38:01,video,public
User_1134,Post_152,2023-05-15 18:03:51,video,public
User_556,Post_153,2024-03-07 20:15:25,text,friends
User_802,Post_154,2021-05-09 03:00:54,text,public
User_340,Post_155,2024-04-07 14:32:41,text,private
User_36,Post_156,2022-11-04 11:15:15,text,private
User_441,Post_157,2021-08-03 00:46:40,image,public
User_1104,Post_158,2022-12-18 18:21:08,text,friends
User_32,Post_159,2023-08-15 01:12:40,text,friends
User_614,Post_160,2023-11-21 19:54:47,text,private
User_208,Post_161,2023-11-28 14:35:24,video,private
User_194,Post_162,2022-08-02 23:44:14,text,friends
User_1025,Post_163,2021-03-29 00:17:40,image,private
User_715,Post_164,2020-06-12 03:53:26,text,public
User_525,Post_165,2021-05-22 11:27:08,video,public
User_1091,Post_166,2021-01-08 09:57:21,image,public
User_1021,Post_167,2022-04-13 18:25:19,image,public
User_326,Post_168,2020-03-24 02:56:55,video,private
User_856,Post_169,2022-11-29 19:50:41,image,private
User_596,Post_170,2022-10-10 03:08:19,text,private
User_407,Post_171,2021-07-19 12:40:27,video,private
User_814,Post_172,2022-09-15 12:00:06,text,private
User_397,Post_173,2022-12-16 09:59:09,image,public
User_1139,Post_174,2022-05-16 21:02:18,video,public
User_868,Post_175,2020-04-12 14:12:29,text,private
User_301,Post_176,2024-02-09 07:05:14,video,friends
User_1124,Post_177,2020-10-24 04:01:43,text,public
User_1227,Post_178,2023-10-18 11:41:34,text,friends
User_596,Post_179,2023-03-26 04:19:51,image,public
User_1132,Post_180,2020-05-01 03:26:43,text,private
User_654,Post_181,2021-01-27 13:04:33,text,private
User_901,Post_182,2020-01-08 04:35:41,image,private
User_1037,Post_183,2021-11-09 23:18:03,text,friends
User_0,Post_184,2023-11-17 06:47:29,text,public
User_822,Post_185,2022-12-20 15:52:25,text,friends
User_337,Post_186,2020-03-26 19:11:55,text,private
User_865,Post_187,2021-04-24 14:18:27,text,private
User_832,Post_188,2023-12-19 07:13:13,image,private
User_1037,Post_189,2022-12-10 00:54:42,text,friends
User_850,Post_190,2021-11-24 13:00:22,video,private
User_171,Post_191,2020-05-06 12:39:52,image,public
User_24,Post_192,2022-02-13 06:16:17,video,friends
User_94,Post_193,2022-08-12 17:58:55,text,private
User_572,Post_194,2023-01-17 04:04:47,text,friends
User_1220,Post_195,2022-12-26 23:58:56,text,public
User_167,Post_196,2022-04-14 17:22:17,video,friends
User_1140,Post_197,2021-08-28 07:37:41,text,public
User_833,Post_198,2022-07-05 23:15:08,image,public
User_983,Post_199,2021-01-16 18:57:16,image,public
User_845,Post_200,2022-11-24 03:37:14,text,friends
User_102,Post_201,2021-02-15 17:31:19,image,friends
User_818,Post_202,2023-08-25 22:46:44,image,private
User_289,Post_203,2021-11-24 11:42:35,video,private
User_369,Post_204,2022-08-13 08:02:40,image,private
User_223,Post_205,2023-01-27 03:22:47,image,public
User_779,Post_206,2023-09-14 19:29:53,text,friends
User_699,Post_207,2023-06-30 13:19:42,text,public
User_705,Post_208,2022-01-31 17:44:07,text,public
User_94,Post_209,2022-02-20 03:13:59,video,private
User_48,Post_210,2023-04-25 11:25:11,text,friends
User_1099,Post_211,2022-12-20 20:31:33,video,private
User_1080,Post_212,2021-12-23 04:17:53,video,public
User_731,Post_213,2020-04-14 04:44:49,video,friends
User_652,Post_214,2022-02-19 01:10:02,image,private
User_696,Post_215,2021-08-19 08:07:04,image,friends
User_1100,Post_216,2022-08-26 12:22:00,video,private
User_585,Post_217,2023-10-24 08:47:27,text,private
User_844,Post_218,2020-03-01 02:13:05,text,friends
User_1167,Post_219,2020-09-15 23:50:00,video,public
User_805,Post_220,2022-08-26 04:18:44,video,friends
User_767,Post_221,2020-05-02 17:02:15,image,friends
User_943,Post_222,2022-05-13 10:12:52,image,friends
User_397,Post_223,2024-03-10 13:56:54,video,private
User_587,Post_224,2020-12-14 02:24:46,text,private
User_638,Post_225,2023-12-01 03:28:28,image,public
User_35,Post_226,2023-09-24 05:39:04,image,private
User_824,Post_227,2023-09-13 22:57:31,text,public
User_865,Post_228,2020-08-12 04:50:53,video,friends
User_258,Post_229,2022-05-27 13:01:10,video,public
User_1011,Post_230,2020-10-10 00:17:07,video,friends
User_596,Post_231,2023-03-14 20:53:10,image,friends
User_1063,Post_232,2022-01-19 03:16:39,text,private
User_916,Post_233,2022-10-25 21:01:57,video,friends
User_1144,Post_234,2022-05-21 07:21:53,text,friends
User_891,Post_235,2021-01-26 22:14:10,video,public
User_586,Post_236,2023-02-11 15:23:57,text,private
User_291,Post_237,2023-09-06 06:40:09,video,private
User_134,Post_238,2023-06-18 19:25:25,video,friends
User_156,Post_239,2020-12-17 03:46:24,text,friends
User_1181,Post_240,2020-01-09 01:17:11,video,public
User_255,Post_241,2021-05-13 17:32:24,image,public
User_1063,Post_242,2020-09-14 13:12:12,image,friends
User_918,Post_243,2023-12-28 05:42:13,text,public
User_738,Post_244,2024-03-31 17:43:25,text,friends
User_698,Post_245,2021-12-01 06:15:27,image,private
User_838,Post_246,2021-02-04 16:34:06,text,friends
User_1012,Post_247,2021-04-25 07:05:30,text,private
User_1060,Post_248,2020-05-06 03:28:43,image,friends
User_344,Post_249,2024-01-17 09:09:28,text,private
User_823,Post_250,2020-04-29 02:40:47,image,public
User_1143,Post_251,2020-08-14 15:05:59,text,friends
User_491,Post_252,2024-01-19 11:38:05,image,public
User_556,Post_253,2021-11-19 08:44:53,video,friends
User_652,Post_254,2021-10-27 09:18:19,image,friends
User_983,Post_255,2022-05-11 03:58:14,video,private
User_1170,Post_256,2020-12-08 10:20:48,image,friends
User_118,Post_257,2021-03-02 04:08:17,video,private
User_331,Post_258,2021-03-12 22:51:48,text,private
User_759,Post_259,2022-05-10 05:47:24,text,private
User_761,Post_260,2020-04-28 02:18:50,text,friends
User_833,Post_261,2022-07-02 13:14:49,text,private
User_430,Post_262,2020-07-18 06:44:48,image,friends
User_428,Post_263,2022-08-20 04:29:07,text,private
User_1170,Post_264,2023-10-15 10:43:56,image,private
User_825,Post_265,2022-10-28 13:54:02,text,private
User_383,Post_266,2020-03-11 02:58:40,text,public
User_465,Post_267,2023-08-04 01:02:31,video,private
User_579,Post_268,2023-11-26 03:02:16,image,public
User_232,Post_269,2023-02-17 20:49:18,text,public
User_666,Post_270,2023-10-23 06:06:00,text,public
User_996,Post_271,2024-03-27 04:53:11,text,public
User_1005,Post_272,2023-07-04 14:10:19,image,public
User_405,Post_273,2021-10-01 21:42:25,text,public
User_424,Post_274,2024-01-14 05:56:50,image,public
User_175,Post_275,2021-02-20 15:13:19,video,public
User_1235,Post_276,2022-01-20 12:43:26,image,friends
User_223,Post_277,2022-07-22 12:02:46,video,private
User_13,Post_278,2023-01-30 04:52:56,video,friends
User_717,Post_279,2021-04-15 02:18:31,video,friends
User_235,Post_280,2023-10-02 13:20:16,image,public
User_944,Post_281,2022-12-13 06:32:04,text,friends
User_671,Post_282,2023-08-21 21:49:17,video,private
User_27,Post_283,2020-03-06 22:28:25,image,private
User_1170,Post_284,2021-05-21 11:50:19,video,friends
User_899,Post_285,2023-03-14 13:45:31,image,public
User_1144,Post_286,2020-02-13 05:09:51,text,public
User_291,Post_287,2020-04-05 23:16:48,image,private
User_1037,Post_288,2021-02-26 17:43:02,video,public
User_350,Post_289,2024-01-25 04:16:40,video,public
User_66,Post_290,2021-07-06 06:48:41,video,private
User_725,Post_291,2020-04-11 20:02:14,text,private
User_132,Post_292,2022-11-10 12:04:32,video,public
User_1003,Post_293,2020-04-07 00:53:59,video,friends
User_1184,Post_294,2020-03-15 07:43:00,image,public
User_205,Post_295,2022-02-08 19:55:47,video,friends
User_247,Post_296,2021-04-28 20:41:41,video,public
User_227,Post_297,2023-03-31 21:08:42,video,public
User_540,Post_298,2023-10-25 11:03:59,image,public
User_131,Post_299,2020-10-18 09:58:02,video,public
User_411,Post_300,2021-06-06 15:39:08,text,private
User_1217,Post_301,2020-12-24 07:19:00,video,friends
User_6,Post_302,2020-07-03 09:22:22,text,private
User_857,Post_303,2020-02-22 14:37:49,video,friends
User_1138,Post_304,2021-12-22 15:13:49,image,friends
User_30,Post_305,2020-03-19 07:17:39,video,public
User_70,Post_306,2021-11-21 05:31:58,image,friends
User_446,Post_307,2020-02-21 11:47:58,video,private
User_670,Post_308,2023-01-07 15:32:45,video,private
User_348,Post_309,2020-08-02 00:20:16,video,public
User_850,Post_310,2021-02-06 01:57:54,image,private
User_755,Post_311,2020-01-14 10:31:05,text,private
User_542,Post_312,2021-03-13 16:28:24,image,public
User_224,Post_313,2021-10-19 22:32:39,video,private
User_280,Post_314,2023-06-21 05:38:33,text,private
User_150,Post_315,2023-01-29 18:57:50,image,public
User_182,Post_316,2023-01-07 08:49:32,image,private
User_333,Post_317,2020-01-30 13:09:20,text,friends
User_1218,Post_318,2023-03-12 12:05:46,video,public
User_354,Post_319,2021-08-20 18:16:27,text,public
User_648,Post_320,2022-02-19 06:06:39,video,private
User_1082,Post_321,2022-01-05 09:25:47,image,private
User_1170,Post_322,2022-12-20 14:34:11,text,private
User_268,Post_323,2022-05-20 21:09:34,image,private
User_379,Post_324,2023-04-01 05:50:50,image,friends
User_373,Post_325,2022-10-11 11:34:54,image,friends
User_1057,Post_326,2021-07-08 04:33:26,image,friends
User_1019,Post_327,2023-03-18 20:21:06,video,friends
User_1012,Post_328,2021-05-27 20:14:31,image,friends
User_677,Post_329,2022-02-20 10:32:59,image,public
User_96,Post_330,2021-03-18 17:49:27,text,friends
User_724,Post_331,2023-09-12 16:13:35,text,public
User_75,Post_332,2022-01-27 17:48:09,image,private
User_1212,Post_333,2020-04-15 22:10:51,image,friends
User_328,Post_334,2021-06-27 06:01:29,video,public
User_755,Post_335,2020-11-20 05:36:51,text,private
User_416,Post_336,2020-11-08 09:52:12,image,private
User_517,Post_337,2021-01-16 12:15:57,video,friends
User_593,Post_338,2023-12-04 12:06:04,text,public
User_528,Post_339,2021-01-29 18:01:25,video,friends
User_1160,Post_340,2020-04-11 22:50:51,image,friends
User_742,Post_341,2021-01-07 16:51:46,image,friends
User_412,Post_342,2023-02-03 20:44:24,image,friends
User_1023,Post_343,2022-09-01 03:48:59,text,friends
User_679,Post_344,2023-08-10 10:16:10,video,friends
User_20,Post_345,2023-02-09 23:50:56,text,friends
User_1056,Post_346,2021-03-19 12:25:18,text,public
User_1218,Post_347,2022-11-20 12:59:58,video,public
User_641,Post_348,2021-11-06 05:22:20,text,private
User_753,Post_349,2021-01-26 14:15:18,video,private
User_13,Post_350,2020-04-02 13:18:03,image,friends
User_1215,Post_351,2023-11-07 18:21:58,text,friends
User_1180,Post_352,2021-10-19 15:16:19,image,public
User_367,Post_353,2022-12-14 09:14:37,text,private
User_1092,Post_354,2023-01-03 03:24:36,image,private
User_398,Post_355,2022-03-22 00:18:30,video,friends
User_324,Post_356,2022-12-14 10:20:53,text,private
User_230,Post_357,2023-03-04 14:12:01,text,private
User_765,Post_358,2023-11-11 13:30:40,video,public
User_193,Post_359,2023-03-26 22:02:40,text,friends
User_254,Post_360,2021-03-05 13:44:51,video,private
User_545,Post_361,2022-04-01 07:23:09,text,friends
User_1106,Post_362,2024-04-09 20:40:56,text,friends
User_681,Post_363,2021-01-09 00:02:00,text,private
User_420,Post_364,2021-01-17 06:08:54,image,private
User_678,Post_365,2021-05-13 08:48:16,text,friends
User_488,Post_366,2022-06-23 00:22:29,image,public
User_870,Post_367,2022-12-17 07:31:38,text,private
User_520,Post_368,2022-04-11 02:23:51,text,private
User_861,Post_369,2022-07-16 07:56:44,image,public
User_1135,Post_370,2021-09-23 02:08:02,video,private
User_1193,Post_371,2022-03-28 04:00:35,image,public
User_1149,Post_372,2021-07-09 03:31:00,image,public
User_174,Post_373,2020-10-04 09:46:13,text,public
User_592,Post_374,2023-07-02 09:18:50,video,public
User_489,Post_375,2023-11-21 06:30:42,image,private
User_90,Post_376,2022-07-17 00:13:12,image,public
User_562,Post_377,2022-10-24 11:57:46,text,friends
User_1248,Post_378,2021-05-06 09:12:20,video,private
User_426,Post_379,2021-03-19 05:01:18,text,friends
User_1145,Post_380,2023-05-15 09:24:12,text,public
User_408,Post_381,2024-01-12 05:49:52,video,friends
User_1189,Post_382,2022-06-29 14:40:53,video,public
User_551,Post_383,2020-11-14 03:48:14,image,private
User_1197,Post_384,2020-12-27 08:03:13,text,private
User_148,Post_385,2022-03-03 01:41:55,image,private
User_31,Post_386,2021-06-25 01:13:20,video,friends
User_598,Post_387,2024-03-12 23:39:15,image,private
User_687,Post_388,2024-01-01 05:22:50,video,public
User_888,Post_389,2020-07-08 18:25:14,image,private
User_127,Post_390,2021-05-23 16:50:38,video,private
User_361,Post_391,2020-01-25 05:37:34,video,private
User_830,Post_392,2023-11-07 22:21:34,text,friends
User_778,Post_393,2021-05-25 21:42:44,image,public
User_745,Post_394,2022-09-01 04:53:51,image,public
User_475,Post_395,2023-06-24 09:40:43,image,friends
User_719,Post_396,2022-03-09 13:30:54,image,public
User_962,Post_397,2024-02-12 16:34:10,text,friends
User_657,Post_398,2021-03-25 01:47:25,video,public
User_680,Post_399,2020-11-20 15:41:20,video,public
User_1157,Post_400,2022-07-31 20:09:03,text,public
User_874,Post_401,2021-12-15 13:30:54,image,friends
User_1189,Post_402,2020-03-12 04:47:29,text,public
User_733,Post_403,2020-03-05 04:23:01,video,private
User_84,Post_404,2024-03-05 07:42:27,text,friends
User_476,Post_405,2023-09-05 19:53:34,video,friends
User_106,Post_406,2023-12-07 05:59:09,text,friends
User_829,Post_407,2023-07-03 12:56:47,text,private
User_402,Post_408,2024-02-08 18:45:02,video,private
User_1239,Post_409,2022-07-12 06:45:54,video,public
User_964,Post_410,2023-05-09 00:09:32,video,public
User_584,Post_411,2020-10-19 03:09:25,text,public
User_792,Post_412,2021-03-30 15:53:43,text,private
User_1060,Post_413,2022-10-03 20:46:12,image,private
User_894,Post_414,2020-01-17 18:12:03,text,public
User_76,Post_415,2021-09-10 21:35:10,image,friends
User_238,Post_416,2023-12-15 21:58:04,image,friends
User_771,Post_417,2023-07-21 07:45:12,text,public
User_817,Post_418,2023-02-22 05:57:13,image,private
User_1153,Post_419,2020-07-04 08:05:54,text,public
User_245,Post_420,2023-10-23 06:37:39,video,private
User_73,Post_421,2020-01-07 02:34:03,text,friends
User_664,Post_422,2023-09-14 14:48:57,image,private
User_1161,Post_423,2022-12-28 13:03:48,image,friends
User_398,Post_424,2020-05-14 14:16:16,text,friends
User_1158,Post_425,2022-03-20 12:26:30,video,private
User_1168,Post_426,2023-08-29 00:04:02,image,friends
User_1103,Post_427,2022-06-18 19:48:35,video,public
User_756,Post_428,2021-10-13 15:39:11,text,public
User_1090,Post_429,2020-05-25 08:04:46,text,public
User_1098,Post_430,2024-02-11 09:27:17,video,private
User_1139,Post_431,2022-05-18 04:26:13,text,private
User_719,Post_432,2020-10-01 03:31:21,image,friends
User_330,Post_433,2020-05-10 06:21:41,text,friends
User_106,Post_434,2020-08-27 05:59:55,text,friends
User_558,Post_435,2020-05-19 17:30:36,image,private
User_994,Post_436,2020-05-28 19:52:47,video,public
User_175,Post_437,2023-06-22 07:47:51,text,friends
User_1010,Post_438,2023-07-20 05:23:16,image,public
User_102,Post_439,2022-07-16 23:08:55,video,private
User_1221,Post_440,2022-08-19 10:20:34,image,private
User_128,Post_441,2022-10-28 06:36:30,video,friends
User_733,Post_442,2021-01-06 07:36:59,video,friends
User_459,Post_443,2020-06-14 02:15:28,video,friends
User_552,Post_444,2022-10-11 22:23:32,text,public
User_256,Post_445,2020-03-23 09:27:41,image,friends
User_622,Post_446,2024-02-24 11:37:04,text,friends
User_523,Post_447,2024-02-28 07:35:06,text,friends
User_555,Post_448,2024-03-14 23:30:11,image,private
User_189,Post_449,2024-04-07 07:35:22,image,friends
User_171,Post_450,2022-09-10 15:29:53,text,private
User_613,Post_451,2022-02-04 00:44:46,text,public
User_274,Post_452,2021-04-13 08:04:01,text,public
User_167,Post_453,2022-08-02 22:46:03,video,private
User_809,Post_454,2024-04-01 21:59:10,image,public
User_458,Post_455,2020-06-07 00:31:32,image,private
User_465,Post_456,2024-02-02 00:31:01,text,private
User_903,Post_457,2021-09-13 23:32:05,image,friends
User_881,Post_458,2022-07-31 05:31:14,text,friends
User_717,Post_459,2021-06-19 19:01:04,video,private
User_1012,Post_460,2023-01-26 08:49:45,text,public
User_535,Post_461,2023-12-23 20:27:01,video,friends
User_743,Post_462,2020-12-16 02:40:36,video,friends
User_207,Post_463,2020-08-11 11:30:06,video,friends
User_1076,Post_464,2020-08-18 23:17:22,video,public
User_22,Post_465,2023-07-15 21:47:49,video,public
User_571,Post_466,2023-03-30 19:27:31,text,friends
User_47,Post_467,2023-05-16 14:50:32,image,private
User_120,Post_468,2020-10-10 20:54:05,image,friends
User_9,Post_469,2022-08-22 13:28:36,video,friends
User_1153,Post_470,2023-08-25 12:37:16,image,private
User_790,Post_471,2023-11-11 14:34:02,text,private
User_980,Post_472,2021-03-05 05:16:29,video,private
User_300,Post_473,2022-04-06 12:10:37,text,friends
User_594,Post_474,2021-05-26 14:02:04,image,friends
User_139,Post_475,2020-04-09 22:19:43,text,public
User_438,Post_476,2021-08-26 18:17:14,text,private
User_1061,Post_477,2021-01-29 10:39:45,video,private
User_1073,Post_478,2023-11-25 03:28:57,text,private
User_1010,Post_479,2020-01-02 19:18:14,text,friends
User_644,Post_480,2022-01-14 17:31:32,video,private
User_569,Post_481,2021-01-24 01:40:59,video,public
User_752,Post_482,2022-09-22 05:35:37,video,friends
User_858,Post_483,2022-10-21 03:52:33,video,private
User_427,Post_484,2021-10-09 10:45:49,image,private
User_657,Post_485,2021-11-17 09:06:11,text,private
User_410,Post_486,2020-07-03 15:50:44,video,friends
User_1187,Post_487,2023-09-17 11:42:51,text,public
User_679,Post_488,2022-02-22 11:47:55,video,friends
User_304,Post_489,2020-07-19 15:12:50,video,public
User_861,Post_490,2023-01-15 13:40:35,text,public
User_821,Post_491,2020-05-29 03:32:15,video,friends
User_321,Post_492,2022-05-23 20:05:14,text,private
User_1047,Post_493,2022-12-14 14:38:58,image,friends
User_1123,Post_494,2020-08-26 09:38:07,video,public
User_582,Post_495,2020-01-08 16:31:09,video,private
User_646,Post_496,2021-07-12 18:51:51,video,friends
User_818,Post_497,2020-06-02 00:10:01,text,private
User_89,Post_498,2022-02-22 15:43:19,text,public
User_1199,Post_499,2020-10-14 15:24:42,image,friends
User_985,Post_500,2023-04-05 00:13:46,video,public
User_184,Post_501,2021-04-14 06:40:39,image,friends
User_533,Post_502,2021-11-23 10:29:16,text,public
User_1014,Post_503,2020-07-11 23:07:11,text,public
User_257,Post_504,2024-01-25 15:42:48,video,private
User_304,Post_505,2020-02-17 12:24:07,text,public
User_534,Post_506,2023-04-25 02:29:18,text,private
User_1051,Post_507,2021-11-08 00:27:06,video,public
User_972,Post_508,2020-06-26 22:08:39,text,public
User_450,Post_509,2024-03-16 04:11:13,video,friends
User_1210,Post_510,2022-07-11 18:35:51,text,private
User_1067,Post_511,2023-03-25 02:21:34,image,private
User_636,Post_512,2021-08-11 03:56:32,text,public
User_929,Post_513,2023-10-18 08:23:41,image,public
User_1155,Post_514,2021-01-28 08:50:47,image,friends
User_648,Post_515,2024-01-01 12:19:25,video,public
User_141,Post_516,2022-02-20 16:08:36,video,private
User_100,Post_517,2020-07-25 01:15:04,video,friends
User_915,Post_518,2021-04-25 07:38:43,video,private
User_377,Post_519,2021-02-18 02:54:58,video,friends
User_779,Post_520,2023-05-14 17:36:26,image,friends
User_500,Post_521,2023-10-11 08:19:24,text,private
User_770,Post_522,2022-12-26 01:48:01,image,public
User_838,Post_523,2022-11-29 13:08:22,video,friends
User_1196,Post_524,2020-02-02 03:21:31,image,friends
User_565,Post_525,2020-11-27 16:47:32,image,friends
User_1067,Post_526,2020-06-01 17:10:20,video,friends
User_974,Post_527,2024-01-26 05:03:32,text,public
User_821,Post_528,2022-03-29 12:40:50,text,public
User_587,Post_529,2021-06-06 06:57:48,image,public
User_257,Post_530,2021-06-27 15:27:16,video,public
User_1232,Post_531,2021-07-04 19:36:49,text,friends
User_80,Post_532,2021-06-09 13:48:07,image,public
User_50,Post_533,2023-03-14 16:02:29,image,friends
User_1110,Post_534,2023-08-05 16:05:24,video,public
User_1112,Post_535,2020-08-26 12:29:44,image,friends
User_776,Post_536,2021-04-16 14:18:54,text,friends
User_4,Post_537,2023-10-26 11:44:22,text,public
User_275,Post_538,2020-09-14 01:01:13,video,public
User_315,Post_539,2023-09-09 04:08:44,image,public
User_852,Post_540,2023-05-10 00:21:33,video,friends
User_285,Post_541,2023-10-22 21:45:24,text,friends
User_1002,Post_542,2020-10-06 18:45:03,video,private
User_903,Post_543,2022-07-04 09:12:34,video,friends
User_1118,Post_544,2023-09-07 02:08:12,image,private
User_231,Post_545,2021-04-01 21:24:27,video,public
User_328,Post_546,2020-08-26 05:13:26,video,public
User_556,Post_547,2022-05-05 11:54:00,image,public
User_504,Post_548,2022-01-24 14:55:03,text,friends
User_171,Post_549,2023-03-04 04:50:28,image,private
User_614,Post_550,2024-03-15 17:43:27,text,public
User_82,Post_551,2022-12-13 02:54:40,text,public
User_1145,Post_552,2021-11-06 01:14:47,image,friends
User_1154,Post_553,2022-07-06 00:20:52,video,public
User_991,Post_554,2022-10-28 05:41:04,image,friends
User_758,Post_555,2024-03-10 05:09:26,text,public
User_602,Post_556,2020-11-03 09:39:21,video,private
User_375,Post_557,2022-07-05 11:08:02,text,friends
User_741,Post_558,2022-09-19 23:02:46,text,friends
User_980,Post_559,2022-07-12 12:16:58,image,private
User_749,Post_560,2020-10-01 10:55:06,video,friends
User_168,Post_561,2023-04-21 03:13:24,image,friends
User_1201,Post_562,2021-02-01 05:34:17,image,private
User_864,Post_563,2021-08-12 23:11:14,video,private
User_263,Post_564,2023-03-13 01:21:43,text,friends
User_394,Post_565,2021-05-19 14:44:26,video,public
User_343,Post_566,2022-04-12 22:20:08,image,friends
User_191,Post_567,2020-08-15 14:47:55,text,private
User_116,Post_568,2023-09-27 13:25:00,image,public
User_285,Post_569,2020-01-05 17:12:21,text,public
User_633,Post_570,2021-05-07 10:11:51,image,friends
User_737,Post_571,2022-02-07 06:12:52,image,public
User_1138,Post_572,2021-10-11 17:47:22,image,public
User_373,Post_573,2020-07-03 13:25:24,video,private
User_1131,Post_574,2022-03-23 17:45:22,video,public
User_431,Post_575,2021-01-28 02:07:04,video,private
User_350,Post_576,2021-06-18 17:37:46,image,private
User_331,Post_577,2023-09-04 10:25:47,text,public
User_50,Post_578,2020-12-19 06:31:05,video,public
User_957,Post_579,2020-11-23 13:30:26,image,private
User_100,Post_580,2021-06-11 17:01:25,video,private
User_756,Post_581,2021-03-27 13:47:03,image,public
User_1159,Post_582,2023-06-09 13:36:08,text,private
User_375,Post_583,2022-04-22 03:32:30,text,public
User_988,Post_584,2021-12-29 07:10:57,video,public
User_196,Post_585,2021-06-07 10:26:06,text,private
User_835,Post_586,2023-11-26 13:57:21,image,friends
User_719,Post_587,2021-07-21 03:38:11,video,private
User_468,Post_588,2021-04-05 15:29:48,image,friends
User_1167,Post_589,2023-03-06 04:31:27,text,public
User_752,Post_590,2020-11-09 03:24:28,video,friends
User_27,Post_591,2022-09-01 23:49:22,text,friends
User_1029,Post_592,2022-09-27 15:43:45,image,friends
User_370,Post_593,2024-01-29 20:41:56,video,private
User_30,Post_594,2024-01-31 23:34:58,text,friends
User_1033,Post_595,2022-03-08 23:43:39,image,public
User_991,Post_596,2022-08-01 00:11:17,text,friends
User_796,Post_597,2023-01-02 22:44:57,image,friends
User_170,Post_598,2021-10-20 20:56:19,image,friends
User_636,Post_599,2020-08-13 05:49:39,image,private
User_251,Post_600,2020-10-09 02:31:07,text,friends
User_1034,Post_601,2023-06-11 03:48:46,video,friends
User_605,Post_602,2020-11-07 15:16:40,image,friends
User_1144,Post_603,2024-01-21 21:47:52,image,friends
User_140,Post_604,2022-10-17 02:30:29,image,private
User_730,Post_605,2021-06-01 10:19:44,image,friends
User_333,Post_606,2022-06-22 10:30:42,image,friends
User_1227,Post_607,2024-01-24 19:57:12,video,public
User_471,Post_608,2021-09-11 11:23:38,image,private
User_584,Post_609,2023-06-04 23:22:49,video,private
User_826,Post_610,2021-10-28 08:53:45,video,friends
User_891,Post_611,2022-07-06 00:36:37,image,friends
User_902,Post_612,2022-05-10 17:01:40,text,private
User_1008,Post_613,2021-06-13 02:53:10,image,friends
User_752,Post_614,2021-03-26 10:41:59,text,private
User_825,Post_615,2022-01-17 10:39:43,text,public
User_449,Post_616,2021-05-09 07:09:20,image,friends
User_325,Post_617,2023-05-10 00:02:47,image,public
User_835,Post_618,2023-12-23 07:49:59,text,private
User_590,Post_619,2021-08-04 22:52:40,text,private
User_1231,Post_620,2021-06-12 22:54:42,text,friends
User_1006,Post_621,2023-02-20 05:07:12,image,private
User_478,Post_622,2020-09-06 08:32:45,text,private
User_353,Post_623,2021-04-12 05:04:48,text,private
User_831,Post_624,2023-06-20 11:09:51,text,public
User_88,Post_625,2023-06-30 06:37:06,video,public
User_1234,Post_626,2021-04-28 04:15:55,image,public
User_234,Post_627,2023-01-14 09:10:16,text,public
User_709,Post_628,2024-02-26 23:58:33,video,private
User_27,Post_629,2023-04-18 12:59:33,text,public
User_1198,Post_630,2021-08-06 03:17:35,image,public
User_1155,Post_631,2020-03-26 20:33:19,text,friends
User_1146,Post_632,2022-08-16 00:27:35,image,private
User_855,Post_633,2020-05-08 07:53:50,text,private
User_593,Post_634,2022-07-05 15:05:42,video,public
User_888,Post_635,2020-05-30 14:11:04,text,public
User_521,Post_636,2021-01-19 03:09:21,image,public
User_654,Post_637,2023-04-15 18:21:47,text,friends
User_975,Post_638,2022-03-05 16:25:35,text,friends
User_771,Post_639,2023-02-02 04:59:14,text,private
User_1107,Post_640,2023-10-30 22:50:40,image,private
User_217,Post_641,2022-11-20 17:09:25,video,private
User_358,Post_642,2022-02-03 12:59:37,image,friends
User_352,Post_643,2024-03-30 15:48:31,text,friends
User_571,Post_644,2022-02-09 11:14:53,text,public
User_232,Post_645,2023-08-22 06:49:30,video,friends
User_338,Post_646,2020-03-05 12:17:28,text,friends
User_51,Post_647,2023-09-20 14:54:21,video,public
User_702,Post_648,2022-05-07 17:34:32,text,public
User_570,Post_649,2023-09-13 20:29:25,video,public
User_705,Post_650,2020-08-09 08:22:09,text,public
User_222,Post_651,2021-03-14 10:04:22,video,public
User_1036,Post_652,2024-01-23 18:48:17,image,private
User_1163,Post_653,2024-02-17 06:31:02,image,private
User_1199,Post_654,2023-12-28 23:11:37,video,private
User_423,Post_655,2020-08-03 23:06:43,text,friends
User_704,Post_656,2020-05-23 06:44:21,text,private
User_148,Post_657,2021-11-26 03:02:42,video,public
User_453,Post_658,2022-05-07 14:57:53,image,public
User_1224,Post_659,2021-10-17 12:40:59,image,public
User_663,Post_660,2020-06-20 18:46:04,video,private
User_462,Post_661,2023-06-17 04:43:39,image,public
User_438,Post_662,2020-08-12 11:06:40,text,friends
User_1052,Post_663,2024-01-11 19:45:36,text,friends
User_555,Post_664,2024-03-08 07:24:01,text,friends
User_1227,Post_665,2020-07-08 18:44:19,text,private
User_212,Post_666,2022-11-18 14:09:56,image,private
User_618,Post_667,2022-01-31 18:12:39,image,private
User_477,Post_668,2020-06-01 15:40:16,video,friends
User_1202,Post_669,2020-11-08 22:28:33,text,friends
User_563,Post_670,2021-01-08 00:26:34,image,public
User_1038,Post_671,2020-01-08 12:58:14,video,public
User_654,Post_672,2021-10-07 17:20:42,image,public
User_867,Post_673,2023-08-30 02:01:33,video,public
User_778,Post_674,2023-08-28 02:58:34,video,public
User_518,Post_675,2022-01-28 22:25:19,video,private
User_1196,Post_676,2021-05-21 14:57:04,image,public
User_1134,Post_677,2021-06-12 18:44:51,image,friends
User_718,Post_678,2021-06-05 12:12:43,text,public
User_170,Post_679,2022-03-16 04:28:37,image,friends
User_420,Post_680,2021-04-21 08:29:20,video,public
User_290,Post_681,2022-08-21 21:57:46,text,public
User_948,Post_682,2023-08-22 06:23:26,text,friends
User_1219,Post_683,2021-07-27 01:40:25,text,friends
User_356,Post_684,2021-01-11 20:38:34,video,friends
User_1117,Post_685,2020-11-11 04:29:34,text,public
User_143,Post_686,2020-04-06 22:32:38,image,friends
User_27,Post_687,2021-09-11 16:39:35,video,friends
User_398,Post_688,2020-09-09 04:45:06,text,private
User_147,Post_689,2022-09-24 17:41:15,text,friends
User_353,Post_690,2021-04-05 10:42:04,image,private
User_578,Post_691,2020-04-17 06:49:10,image,public
User_1142,Post_692,2021-05-15 23:13:35,text,private
User_294,Post_693,2024-02-24 11:21:45,video,public
User_906,Post_694,2020-06-10 10:23:50,video,public
User_247,Post_695,2022-12-23 21:44:03,text,public
User_866,Post_696,2023-08-16 11:56:02,text,friends
User_1103,Post_697,2021-11-20 16:18:39,image,public
User_1059,Post_698,2024-01-17 23:10:28,text,friends
User_1070,Post_699,2021-08-23 13:39:18,image,private
User_455,Post_700,2021-08-04 05:30:55,image,friends
User_474,Post_701,2023-06-22 03:34:32,text,public
User_1033,Post_702,2021-07-11 19:01:45,text,friends
User_1001,Post_703,2022-08-03 14:38:18,image,public
User_1037,Post_704,2023-07-01 22:33:53,image,friends
User_723,Post_705,2020-07-28 15:19:11,text,friends
User_833,Post_706,2020-07-11 21:14:57,video,public
User_1053,Post_707,2022-08-02 06:50:08,video,private
User_266,Post_708,2021-06-25 07:11:43,text,public
User_1212,Post_709,2024-03-27 09:48:54,video,friends
User_1209,Post_710,2021-12-15 15:51:07,video,private
User_140,Post_711,2023-08-05 20:55:48,video,public
User_445,Post_712,2021-10-04 03:00:20,text,friends
User_561,Post_713,2020-08-12 15:33:02,video,public
User_435,Post_714,2020-01-01 11:51:45,video,friends
User_979,Post_715,2020-10-10 00:51:37,image,public
User_789,Post_716,2023-12-07 15:38:22,text,friends
User_1000,Post_717,2024-02-27 18:24:12,image,public
User_198,Post_718,2021-11-15 18:22:41,video,private
User_707,Post_719,2023-04-05 03:11:08,image,private
User_728,Post_720,2021-10-25 13:22:39,video,public
User_864,Post_721,2020-05-21 02:38:27,image,friends
User_1082,Post_722,2021-06-10 00:53:57,image,private
User_670,Post_723,2021-10-21 15:32:53,image,public
User_1197,Post_724,2020-10-17 06:07:55,video,private
User_1214,Post_725,2023-03-24 06:50:31,text,private
User_337,Post_726,2020-02-03 23:42:41,text,public
User_279,Post_727,2020-01-26 12:57:49,text,friends
User_1148,Post_728,2020-05-11 15:32:31,image,friends
User_1131,Post_729,2023-06-30 22:10:50,video,friends
User_334,Post_730,2022-05-17 23:33:43,video,private
User_714,Post_731,2020-09-27 12:33:50,text,friends
User_644,Post_732,2022-12-25 06:11:03,text,friends
User_557,Post_733,2021-09-06 17:37:10,image,friends
User_636,Post_734,2022-08-08 05:24:29,image,private
User_538,Post_735,2023-04-24 14:01:50,text,public
User_945,Post_736,2022-04-16 23:36:30,video,private
User_747,Post_737,2021-01-31 21:15:01,image,private
User_65,Post_738,2021-11-28 19:14:31,image,private
User_55,Post_739,2020-01-19 23:59:17,image,friends
User_288,Post_740,2023-08-01 07:30:05,video,friends
User_397,Post_741,2020-02-09 03:17:21,text,public
User_818,Post_742,2022-09-04 14:38:42,image,private
User_755,Post_743,2020-05-03 11:51:09,text,public
User_202,Post_744,2023-12-19 06:39:39,video,friends
User_983,Post_745,2023-02-25 13:19:48,text,private
User_561,Post_746,2024-04-02 11:13:28,image,private
User_330,Post_747,2023-07-07 20:20:56,video,public
User_1148,Post_748,2023-12-15 16:48:13,text,friends
User_590,Post_749,2023-07-02 11:37:55,video,friends
User_1228,Post_750,2021-01-29 21:38:01,image,public
User_763,Post_751,2020-02-14 06:35:16,video,private
User_511,Post_752,2023-06-13 21:39:18,video,public
User_367,Post_753,2020-02-27 00:36:27,image,private
User_985,Post_754,2022-08-12 05:47:38,video,private
User_393,Post_755,2023-09-27 04:49:32,image,public
User_346,Post_756,2020-11-22 10:48:22,text,friends
User_355,Post_757,2021-01-07 23:02:45,text,public
User_1178,Post_758,2020-12-26 15:54:17,image,public
User_519,Post_759,2020-11-13 22:09:19,image,friends
User_298,Post_760,2023-10-16 04:09:17,text,friends
User_215,Post_761,2023-01-22 10:43:22,video,public
User_102,Post_762,2022-12-03 16:49:22,text,public
User_553,Post_763,2022-03-04 18:55:08,video,friends
User_87,Post_764,2023-06-08 23:01:02,text,private
User_287,Post_765,2020-02-05 02:31:42,video,public
User_836,Post_766,2022-08-28 14:06:27,text,public
User_1072,Post_767,2022-05-05 17:23:19,text,private
User_523,Post_768,2021-04-28 02:47:03,video,public
User_635,Post_769,2022-12-13 16:48:57,image,private
User_756,Post_770,2020-11-04 07:49:40,image,friends
User_601,Post_771,2022-10-25 18:21:23,video,public
User_490,Post_772,2020-05-21 01:22:22,video,public
User_576,Post_773,2021-12-28 04:57:37,image,private
User_885,Post_774,2022-10-28 15:48:42,image,public
User_642,Post_775,2023-11-18 22:03:52,image,friends
User_1194,Post_776,2021-07-28 21:58:46,text,public
User_157,Post_777,2022-06-08 07:24:12,image,friends
User_1051,Post_778,2021-02-16 14:52:09,text,friends
User_1234,Post_779,2022-01-09 07:20:29,text,friends
User_660,Post_780,2021-12-18 14:18:40,video,friends
User_259,Post_781,2023-09-06 05:38:09,text,private
User_636,Post_782,2021-01-11 09:36:29,video,friends
User_939,Post_783,2024-02-02 04:14:53,video,friends
User_444,Post_784,2022-10-28 05:43:16,text,public
User_29,Post_785,2021-08-16 09:07:29,video,public
User_893,Post_786,2021-05-15 06:02:29,text,friends
User_40,Post_787,2021-02-24 18:56:10,video,public
User_878,Post_788,2021-07-21 02:53:45,image,private
User_417,Post_789,2022-01-01 04:03:35,video,friends
User_11,Post_790,2020-07-11 13:17:23,image,friends
User_838,Post_791,2023-08-04 17:50:51,image,private
User_278,Post_792,2022-06-10 03:15:42,video,private
User_530,Post_793,2020-07-04 05:19:31,text,private
User_171,Post_794,2021-07-01 13:59:49,image,public
User_826,Post_795,2021-01-30 17:54:24,text,friends
User_872,Post_796,2023-08-01 00:49:49,video,friends
User_58,Post_797,2020-11-20 16:39:34,text,friends
User_1001,Post_798,2020-06-16 23:32:07,text,private
User_295,Post_799,2021-12-26 17:07:40,text,friends
User_806,Post_800,2023-06-03 07:45:37,image,public
User_702,Post_801,2023-09-12 02:29:43,image,public
User_797,Post_802,2020-01-30 23:44:23,image,friends
User_1115,Post_803,2020-11-08 22:17:31,image,friends
User_216,Post_804,2020-04-16 06:57:42,text,public
User_688,Post_805,2022-07-20 09:00:26,image,friends
User_107,Post_806,2021-08-08 16:17:19,video,public
User_1220,Post_807,2020-09-29 12:56:15,image,friends
User_66,Post_808,2020-05-19 01:30:24,text,public
User_697,Post_809,2023-08-19 00:19:22,video,private
User_873,Post_810,2021-03-01 23:25:49,video,public
User_592,Post_811,2021-12-12 18:42:20,image,private
User_214,Post_812,2020-12-20 17:54:48,image,public
User_1068,Post_813,2023-04-12 15:13:13,video,friends
User_672,Post_814,2020-08-01 10:11:36,text,friends
User_725,Post_815,2020-02-29 03:02:28,image,friends
User_797,Post_816,2020-07-16 15:11:22,video,friends
User_443,Post_817,2020-03-13 14:55:32,text,friends
User_837,Post_818,2021-07-25 01:31:56,text,public
User_603,Post_819,2022-03-03 03:42:03,text,private
User_104,Post_820,2021-11-28 02:30:06,image,private
User_16,Post_821,2020-10-17 11:48:35,video,friends
User_1089,Post_822,2023-08-13 07:53:17,image,private
User_945,Post_823,2021-07-13 04:51:44,video,public
User_949,Post_824,2020-08-07 10:40:15,video,private
User_856,Post_825,2021-10-01 12:59:19,video,public
User_85,Post_826,2021-03-18 12:28:36,text,private
User_653,Post_827,2022-10-11 02:21:51,text,friends
User_165,Post_828,2022-05-08 08:53:44,text,friends
User_230,Post_829,2021-12-27 22:33:20,text,friends
User_68,Post_830,2021-08-29 10:08:45,text,friends
User_286,Post_831,2021-01-31 09:38:08,text,private
User_874,Post_832,2023-06-13 15:05:16,text,private
User_876,Post_833,2020-04-02 21:44:56,text,friends
User_387,Post_834,2022-04-22 22:56:30,image,private
User_85,Post_835,2024-01-18 19:14:42,image,private
User_511,Post_836,2022-01-06 12:05:50,video,private
User_176,Post_837,2020-01-10 06:12:37,video,public
User_778,Post_838,2020-08-24 15:54:17,text,friends
User_36,Post_839,2022-11-14 02:00:19,video,friends
User_731,Post_840,2023-06-28 02:32:29,video,friends
User_466,Post_841,2021-12-26 10:11:00,text,public
User_18,Post_842,2020-01-22 07:46:18,video,public
User_620,Post_843,2022-08-01 15:16:14,text,public
User_824,Post_844,2020-10-23 10:50:33,image,friends
User_386,Post_845,2020-09-21 02:35:36,image,private
User_970,Post_846,2020-06-07 20:03:09,text,private
User_680,Post_847,2021-08-16 17:47:13,video,friends
User_1122,Post_848,2023-09-22 11:19:49,text,public
User_492,Post_849,2021-05-27 02:48:14,image,public
User_898,Post_850,2024-03-23 19:05:37,image,friends
User_503,Post_851,2020-04-13 22:36:26,video,public
User_575,Post_852,2022-05-25 06:51:18,text,private
User_768,Post_853,2023-10-01 22:46:00,video,friends
User_1102,Post_854,2020-12-25 13:53:59,text,public
User_7,Post_855,2023-08-02 23:34:05,image,public
User_40,Post_856,2021-01-12 06:20:07,video,private
User_327,Post_857,2024-02-07 03:19:55,video,private
User_1099,Post_858,2022-10-19 14:41:49,video,friends
User_1117,Post_859,2023-03-09 15:50:28,video,public
User_1059,Post_860,2020-09-14 17:40:12,video,friends
User_939,Post_861,2021-11-30 01:43:42,video,private
User_1054,Post_862,2020-09-02 23:04:59,text,friends
User_397,Post_863,2020-06-08 05:59:53,image,private
User_790,Post_864,2022-09-26 11:02:24,video,public
User_1127,Post_865,2021-06-28 20:33:19,video,public
User_453,Post_866,2020-03-16 14:37:56,text,friends
User_384,Post_867,2024-01-19 10:51:53,image,public
User_54,Post_868,2020-07-29 03:47:06,text,friends
User_860,Post_869,2023-11-02 14:31:30,image,public
User_1133,Post_870,2022-03-18 01:25:41,video,public
User_371,Post_871,2023-09-07 17:22:44,video,friends
User_144,Post_872,2021-09-30 21:17:59,image,public
User_447,Post_873,2022-11-30 19:24:20,video,private
User_96,Post_874,2022-10-19 12:43:30,image,friends
User_1159,Post_875,2020-06-25 08:02:19,image,friends
User_53,Post_876,2021-01-24 09:45:57,image,private
User_691,Post_877,2022-12-22 03:43:27,video,private
User_646,Post_878,2023-07-14 22:56:09,text,private
User_447,Post_879,2021-04-13 01:25:09,image,public
User_414,Post_880,2021-06-02 11:21:59,image,private
User_568,Post_881,2021-11-22 10:45:49,video,private
User_502,Post_882,2021-12-24 12:28:22,image,private
User_1067,Post_883,2022-02-15 11:33:18,image,public
User_856,Post_884,2023-03-31 01:14:39,text,private
User_293,Post_885,2021-10-20 05:05:27,video,friends
User_96,Post_886,2022-08-01 21:02:44,image,friends
User_1177,Post_887,2022-10-19 08:19:09,video,public
User_951,Post_888,2021-04-04 10:19:06,video,friends
User_358,Post_889,2022-06-13 21:44:16,text,public
User_1193,Post_890,2020-08-31 02:10:16,image,private
User_433,Post_891,2022-01-10 08:12:28,image,friends
User_1194,Post_892,2020-05-04 02:34:27,video,public
User_1059,Post_893,2022-01-21 06:38:00,text,private
User_594,Post_894,2023-05-09 09:34:49,video,private
User_997,Post_895,2022-10-29 03:36:15,video,private
User_1085,Post_896,2021-03-13 16:00:08,image,private
User_390,Post_897,2023-06-29 20:28:11,image,friends
User_631,Post_898,2020-11-25 04:15:09,image,public
User_67,Post_899,2023-08-02 09:34:37,image,private
User_501,Post_900,2022-11-08 18:50:07,text,public
User_784,Post_901,2022-12-27 14:48:32,video,public
User_619,Post_902,2020-10-17 04:33:03,video,private
User_382,Post_903,2023-10-01 20:10:53,image,private
User_1168,Post_904,2024-01-28 19:15:33,video,public
User_562,Post_905,2021-01-16 20:05:15,text,public
User_691,Post_906,2023-08-20 00:51:38,video,public
User_800,Post_907,2021-05-05 03:53:40,image,friends
User_173,Post_908,2020-01-01 23:04:42,video,private
User_510,Post_909,2021-10-22 00:36:27,image,public
User_1182,Post_910,2020-11-24 04:19:27,text,public
User_470,Post_911,2023-07-05 14:21:41,video,friends
User_1107,Post_912,2023-07-12 21:15:19,text,private
User_1197,Post_913,2022-07-29 12:37:27,image,friends
User_596,Post_914,2023-07-17 02:49:50,text,friends
User_760,Post_915,2020-07-14 22:34:02,text,friends
User_879,Post_916,2023-05-22 04:41:45,text,friends
User_977,Post_917,2022-09-02 15:32:34,text,private
User_1065,Post_918,2021-09-06 20:14:45,image,friends
User_272,Post_919,2023-06-08 22:26:01,text,private
User_799,Post_920,2020-01-27 07:33:09,text,private
User_1127,Post_921,2020-02-21 21:13:17,image,public
User_1011,Post_922,2021-11-09 15:59:58,image,friends
User_154,Post_923,2020-09-16 14:21:01,video,public
User_274,Post_924,2020-04-17 00:03:56,text,private
User_902,Post_925,2022-03-10 00:39:28,image,private
User_320,Post_926,2022-10-27 17:42:24,image,private
User_1067,Post_927,2023-07-18 01:24:06,text,private
User_261,Post_928,2023-05-09 23:25:51,text,friends
User_686,Post_929,2023-04-25 06:38:52,text,private
User_224,Post_930,2023-04-07 17:51:07,video,private
User_121,Post_931,2021-05-15 06:15:56,image,public
User_713,Post_932,2023-09-24 13:08:26,text,private
User_1048,Post_933,2020-10-02 07:43:03,video,friends
User_735,Post_934,2023-08-09 14:53:34,text,friends
User_1045,Post_935,2022-01-24 06:57:08,text,public
User_5,Post_936,2024-03-15 09:39:44,video,friends
User_796,Post_937,2020-05-04 20:47:57,image,private
User_791,Post_938,2022-06-27 16:53:16,video,private
User_686,Post_939,2022-10-18 22:49:32,video,friends
User_1015,Post_940,2023-10-28 20:46:10,image,friends
User_1099,Post_941,2023-02-22 02:19:51,video,friends
User_1034,Post_942,2023-07-29 18:24:21,text,public
User_451,Post_943,2022-05-17 01:58:28,video,private
User_382,Post_944,2020-02-11 00:29:05,image,private
User_549,Post_945,2023-09-08 02:06:16,image,friends
User_313,Post_946,2020-06-30 02:12:42,text,private
User_33,Post_947,2022-02-18 15:11:42,image,public
User_377,Post_948,2022-05-06 04:34:36,video,public
User_392,Post_949,2021-11-24 15:07:08,video,public
User_695,Post_950,2020-11-25 05:40:58,text,friends
User_577,Post_951,2022-06-20 06:50:43,text,public
User_620,Post_952,2021-03-27 01:25:54,text,public
User_489,Post_953,2024-01-10 07:45:56,text,friends
User_884,Post_954,2022-10-19 04:41:15,video,friends
User_679,Post_955,2021-05-03 03:32:09,video,private
User_845,Post_956,2021-10-23 12:51:20,text,private
User_696,Post_957,2022-04-26 18:17:14,image,private
User_954,Post_958,2021-07-04 13:44:53,text,public
User_573,Post_959,2022-07-02 12:38:07,text,public
User_462,Post_960,2023-02-05 16:27:41,video,private
User_1167,Post_961,2022-08-01 11:20:14,video,friends
User_921,Post_962,2022-04-03 01:11:26,image,private
User_769,Post_963,2020-03-11 03:30:32,text,public
User_909,Post_964,2022-04-25 07:58:44,image,friends
User_267,Post_965,2021-01-15 01:40:46,text,private
User_1082,Post_966,2022-03-20 14:17:06,video,private
User_956,Post_967,2023-01-09 04:03:36,image,friends
User_277,Post_968,2021-01-15 21:55:14,video,public
User_193,Post_969,2021-11-16 13:49:25,text,public
User_474,Post_970,2021-04-11 08:23:29,text,public
User_929,Post_971,2021-09-09 15:35:47,video,friends
User_966,Post_972,2023-11-27 13:31:38,text,friends
User_749,Post_973,2022-11-08 03:04:10,image,friends
User_156,Post_974,2021-08-22 01:13:42,text,private
User_687,Post_975,2022-12-13 22:04:34,text,private
User_1013,Post_976,2021-02-04 04:47:42,video,public
User_1179,Post_977,2021-08-30 04:27:54,image,public
User_695,Post_978,2021-08-10 14:48:16,text,private
User_742,Post_979,2023-06-22 21:32:19,video,friends
User_387,Post_980,2022-04-06 18:35:36,text,friends
User_1202,Post_981,2023-09-27 07:00:53,video,public
User_443,Post_982,2022-09-18 09:31:31,image,friends
User_747,Post_983,2021-11-06 04:56:48,image,private
User_84,Post_984,2021-10-24 14:12:11,text,public
User_8,Post_985,2020-04-29 00:19:38,text,private
User_71,Post_986,2021-06-21 03:40:15,text,friends
User_834,Post_987,2024-03-05 16:31:04,image,friends
User_467,Post_988,2020-06-26 07:52:31,image,public
User_248,Post_989,2020-03-22 12:11:07,text,public
User_424,Post_990,2023-04-30 21:06:18,video,private
User_1121,Post_991,2023-06-19 15:06:42,image,public
User_95,Post_992,2020-02-10 16:03:15,image,private
User_417,Post_993,2020-07-04 16:41:13,image,private
User_117,Post_994,2021-05-18 15:34:47,image,public
User_1038,Post_995,2023-04-30 16:51:49,image,friends
User_514,Post_996,2022-05-24 12:12:00,text,friends
User_1101,Post_997,2022-05-11 01:07:42,image,friends
User_544,Post_998,2022-12-29 01:53:32,video,friends
User_442,Post_999,2020-10-14 06:45:22,image,private
User_344,Post_1000,2024-01-25 12:02:54,image,public
User_660,Post_1001,2021-04-06 22:01:57,text,public
User_944,Post_1002,2023-01-08 18:06:38,text,private
User_43,Post_1003,2021-09-28 13:12:03,image,public
User_280,Post_1004,2022-11-16 03:26:47,image,friends
User_805,Post_1005,2023-12-31 00:56:09,text,friends
User_1154,Post_1006,2022-08-12 00:54:43,video,public
User_488,Post_1007,2020-03-19 10:58:12,video,public
User_581,Post_1008,2022-10-11 21:42:10,video,public
User_964,Post_1009,2021-08-19 17:48:43,video,private
User_502,Post_1010,2023-02-13 07:30:48,video,private
User_1131,Post_1011,2021-10-20 21:07:30,text,private
User_134,Post_1012,2021-12-17 18:43:35,image,friends
User_173,Post_1013,2024-04-02 03:26:33,text,friends
User_227,Post_1014,2021-02-05 04:35:44,text,public
User_825,Post_1015,2020-04-04 00:39:47,image,public
User_88,Post_1016,2021-08-12 23:04:58,text,friends
User_894,Post_1017,2022-10-06 17:01:24,text,public
User_360,Post_1018,2021-06-23 09:05:57,image,friends
User_413,Post_1019,2022-04-23 21:33:47,text,public
User_621,Post_1020,2022-08-25 06:41:18,image,public
User_413,Post_1021,2021-10-11 00:49:27,text,friends
User_361,Post_1022,2020-11-30 09:50:44,image,private
User_1034,Post_1023,2023-01-24 18:46:46,text,private
User_384,Post_1024,2020-12-08 21:34:12,video,friends
User_452,Post_1025,2023-09-21 07:51:19,image,public
User_556,Post_1026,2021-04-23 20:17:40,text,friends
User_887,Post_1027,2021-11-13 20:48:16,image,public
User_561,Post_1028,2020-06-22 17:45:12,video,public
User_740,Post_1029,2021-10-13 11:35:47,video,private
User_1189,Post_1030,2022-05-04 00:41:50,video,public
User_786,Post_1031,2020-02-24 05:40:49,text,friends
User_1099,Post_1032,2022-02-06 21:59:08,image,private
User_358,Post_1033,2020-04-10 15:03:40,image,private
User_1002,Post_1034,2024-02-15 15:00:07,text,public
User_1051,Post_1035,2023-05-23 00:29:12,text,friends
User_326,Post_1036,2023-09-02 08:59:32,image,public
User_1243,Post_1037,2021-10-18 11:56:40,image,private
User_992,Post_1038,2023-01-01 17:32:50,image,private
User_1202,Post_1039,2023-03-10 11:01:22,image,private
User_9,Post_1040,2023-12-23 22:34:20,video,public
User_669,Post_1041,2023-09-16 02:25:25,image,private
User_920,Post_1042,2021-06-04 06:07:55,text,friends
User_660,Post_1043,2020-03-26 05:01:54,image,friends
User_73,Post_1044,2023-06-18 21:19:53,image,private
User_1160,Post_1045,2021-06-04 03:18:20,text,private
User_1191,Post_1046,2024-02-02 00:21:13,video,public
User_155,Post_1047,2024-02-09 10:35:54,image,private
User_250,Post_1048,2023-02-11 11:55:24,video,private
User_1112,Post_1049,2021-05-31 05:29:21,image,friends
User_252,Post_1050,2021-01-23 20:25:08,text,private
User_809,Post_1051,2022-06-23 19:41:28,video,public
User_142,Post_1052,2021-04-01 04:35:43,video,friends
User_800,Post_1053,2020-04-22 08:18:21,image,friends
User_1,Post_1054,2023-02-18 05:06:01,video,public
User_913,Post_1055,2023-09-06 01:40:07,text,friends
User_1057,Post_1056,2024-03-11 17:45:35,image,public
User_946,Post_1057,2020-08-29 03:52:37,image,friends
User_180,Post_1058,2020-06-22 05:59:33,text,friends
User_190,Post_1059,2021-12-23 05:12:33,video,friends
User_23,Post_1060,2020-07-23 20:26:07,image,private
User_968,Post_1061,2020-01-28 14:36:13,text,private
User_902,Post_1062,2020-06-08 13:55:22,text,friends
User_1061,Post_1063,2023-03-09 17:09:50,text,friends
User_156,Post_1064,2020-10-15 16:04:52,image,public
User_1132,Post_1065,2023-01-06 04:16:56,text,public
User_544,Post_1066,2020-06-29 07:00:12,video,friends
User_1144,Post_1067,2021-10-29 08:25:46,image,public
User_173,Post_1068,2022-12-18 20:06:59,text,private
User_174,Post_1069,2023-03-29 15:18:21,image,friends
User_1165,Post_1070,2023-05-11 09:03:40,text,private
User_3,Post_1071,2023-08-09 14:27:38,image,public
User_1002,Post_1072,2022-10-25 06:56:35,video,public
User_1172,Post_1073,2022-06-22 18:35:40,text,friends
User_71,Post_1074,2021-07-25 11:24:56,image,public
User_998,Post_1075,2023-01-03 08:50:15,video,friends
User_1153,Post_1076,2022-07-21 01:25:56,video,private
User_625,Post_1077,2021-05-08 10:50:48,text,private
User_32,Post_1078,2024-03-13 08:57:35,text,friends
User_95,Post_1079,2022-07-11 20:27:44,text,private
User_420,Post_1080,2023-01-22 10:52:55,image,private
User_997,Post_1081,2022-03-12 11:25:59,image,public
User_183,Post_1082,2021-01-29 03:56:09,video,public
User_511,Post_1083,2022-07-13 17:14:16,video,friends
User_616,Post_1084,2020-05-24 14:01:04,video,friends
User_277,Post_1085,2022-08-08 16:03:41,text,private
User_722,Post_1086,2023-08-25 19:38:19,image,public
User_250,Post_1087,2021-02-14 14:36:54,text,friends
User_126,Post_1088,2023-06-30 22:29:59,image,private
User_765,Post_1089,2023-09-30 08:27:12,text,public
User_1104,Post_1090,2023-07-11 20:24:40,video,public
User_948,Post_1091,2021-03-19 17:32:32,video,friends
User_868,Post_1092,2022-12-22 16:22:45,video,private
User_981,Post_1093,2023-11-16 16:25:44,image,private
User_950,Post_1094,2023-03-10 04:11:18,image,public
User_6,Post_1095,2023-12-13 23:16:35,video,public
User_455,Post_1096,2022-12-28 00:02:15,image,private
User_705,Post_1097,2020-03-12 20:29:39,text,public
User_1193,Post_1098,2021-01-25 14:31:46,video,friends
User_148,Post_1099,2020-11-28 01:09:23,image,friends
User_465,Post_1100,2020-04-09 17:25:45,video,private
User_1049,Post_1101,2022-12-27 22:37:50,image,private
User_565,Post_1102,2020-06-22 12:00:30,image,public
User_145,Post_1103,2020-05-18 16:57:13,image,public
User_869,Post_1104,2021-03-18 03:49:00,video,public
User_643,Post_1105,2022-05-27 03:38:08,image,friends
User_975,Post_1106,2020-02-20 17:07:57,video,friends
User_10,Post_1107,2022-10-13 15:33:46,image,private
User_1019,Post_1108,2020-08-09 05:25:25,text,friends
User_407,Post_1109,2023-07-11 19:08:58,video,friends
User_733,Post_1110,2021-01-04 01:37:14,image,private
User_854,Post_1111,2021-09-07 21:43:19,image,friends
User_189,Post_1112,2021-08-01 15:24:31,video,friends
User_1061,Post_1113,2020-08-20 04:42:01,video,private
User_554,Post_1114,2021-08-21 16:16:14,text,private
User_253,Post_1115,2023-10-17 14:38:39,image,public
User_1001,Post_1116,2020-09-27 07:37:40,video,friends
User_1106,Post_1117,2020-08-25 16:35:01,text,public
User_1166,Post_1118,2020-01-26 22:36:09,image,private
User_1115,Post_1119,2023-08-09 05:25:00,video,private
User_220,Post_1120,2021-03-07 17:03:35,text,private
User_1213,Post_1121,2022-04-22 21:22:18,image,private
User_357,Post_1122,2022-01-15 04:26:48,image,private
User_900,Post_1123,2022-02-07 07:08:21,text,private
User_416,Post_1124,2020-07-04 12:34:27,text,friends
User_694,Post_1125,2022-10-09 10:15:17,image,friends
User_690,Post_1126,2021-07-03 07:24:48,text,public
User_388,Post_1127,2022-06-30 09:28:28,video,friends
User_466,Post_1128,2021-05-07 01:18:27,image,private
User_792,Post_1129,2023-10-16 19:58:35,video,public
User_111,Post_1130,2023-04-27 02:56:47,video,public
User_118,Post_1131,2020-09-13 18:45:13,image,friends
User_871,Post_1132,2024-03-15 03:23:43,video,private
User_691,Post_1133,2020-11-17 03:50:06,video,private
User_618,Post_1134,2023-09-09 01:34:51,video,public
User_8,Post_1135,2022-08-25 14:14:44,text,public
User_874,Post_1136,2021-02-19 01:26:45,video,public
User_285,Post_1137,2022-03-09 13:49:59,text,friends
User_1144,Post_1138,2023-12-06 22:00:17,video,public
User_375,Post_1139,2020-09-26 22:20:02,text,public
User_318,Post_1140,2021-10-28 01:09:21,image,public
User_182,Post_1141,2021-02-14 18:23:10,video,private
User_901,Post_1142,2020-04-12 20:20:24,image,friends
User_445,Post_1143,2021-07-28 02:18:36,image,private
User_612,Post_1144,2023-01-09 01:54:01,video,public
User_496,Post_1145,2021-01-01 22:04:52,image,private
User_742,Post_1146,2021-12-14 18:24:27,image,private
User_142,Post_1147,2023-04-23 01:52:30,video,public
User_67,Post_1148,2020-06-05 08:36:13,image,public
User_1022,Post_1149,2020-01-26 14:43:54,image,public
User_553,Post_1150,2023-04-02 06:51:28,video,private
User_1145,Post_1151,2024-01-02 03:18:43,text,private
User_555,Post_1152,2021-05-20 23:22:17,text,public
User_179,Post_1153,2020-12-29 17:26:13,text,private
User_144,Post_1154,2022-02-10 05:09:05,image,public
User_550,Post_1155,2023-03-04 23:38:58,image,public
User_1049,Post_1156,2023-08-11 17:42:24,image,friends
User_942,Post_1157,2020-10-20 21:21:32,text,private
User_753,Post_1158,2022-09-16 08:49:25,video,public
User_666,Post_1159,2020-04-02 11:52:36,image,public
User_86,Post_1160,2023-12-12 09:59:47,image,private
User_24,Post_1161,2020-01-09 11:27:25,image,private
User_1213,Post_1162,2021-08-27 01:14:15,video,friends
User_963,Post_1163,2022-11-20 17:54:34,image,public
User_623,Post_1164,2023-01-19 08:57:44,text,friends
User_1056,Post_1165,2020-05-24 02:27:38,video,friends
User_602,Post_1166,2023-04-09 00:48:50,image,public
User_430,Post_1167,2023-02-06 23:18:18,text,friends
User_746,Post_1168,2024-01-16 04:26:43,text,friends
User_422,Post_1169,2021-01-07 18:14:33,video,public
User_632,Post_1170,2020-05-20 17:59:42,text,private
User_1201,Post_1171,2022-11-05 16:08:51,text,private
User_236,Post_1172,2020-04-30 04:19:00,video,friends
User_975,Post_1173,2020-03-28 19:14:54,image,private
User_874,Post_1174,2020-10-26 19:11:15,video,private
User_1003,Post_1175,2020-04-30 04:00:30,video,friends
User_883,Post_1176,2023-09-07 06:24:44,text,friends
User_14,Post_1177,2021-04-09 20:33:19,video,public
User_584,Post_1178,2023-02-18 21:43:17,image,private
User_128,Post_1179,2023-01-04 19:19:22,video,public
User_1234,Post_1180,2023-02-14 09:00:06,image,public
User_979,Post_1181,2023-10-19 10:32:44,video,public
User_906,Post_1182,2022-06-03 16:26:03,image,private
User_460,Post_1183,2020-07-21 16:53:45,video,private
User_1055,Post_1184,2023-09-11 16:35:04,image,public
User_309,Post_1185,2024-02-18 08:16:07,text,private
User_708,Post_1186,2021-10-19 14:59:04,text,friends
User_810,Post_1187,2021-06-15 12:42:06,text,public
User_808,Post_1188,2023-03-01 18:38:42,image,friends
User_296,Post_1189,2021-12-13 13:25:13,image,private
User_657,Post_1190,2020-03-07 17:01:06,video,private
User_981,Post_1191,2021-08-21 14:41:02,image,friends
User_587,Post_1192,2020-02-06 15:07:21,video,friends
User_826,Post_1193,2023-05-19 18:40:51,text,friends
User_1238,Post_1194,2022-05-12 00:48:13,video,friends
User_227,Post_1195,2020-11-23 15:32:44,video,public
User_303,Post_1196,2023-06-24 00:42:05,video,friends
User_1141,Post_1197,2023-03-26 09:18:58,image,public
User_802,Post_1198,2020-03-14 14:47:04,video,private
User_753,Post_1199,2024-02-11 13:51:59,video,public
User_1179,Post_1200,2022-03-16 13:17:44,text,public
User_260,Post_1201,2021-08-03 18:37:42,video,public
User_627,Post_1202,2022-08-01 19:09:12,image,private
User_330,Post_1203,2023-12-07 09:19:01,image,private
User_993,Post_1204,2022-06-19 02:23:10,image,friends
User_513,Post_1205,2020-10-02 21:48:45,image,public
User_458,Post_1206,2023-05-08 14:47:48,image,public
User_769,Post_1207,2023-03-01 22:49:57,video,friends
User_619,Post_1208,2021-09-22 07:59:56,image,private
User_904,Post_1209,2020-10-28 21:47:07,video,friends
User_52,Post_1210,2021-12-02 09:18:45,image,public
User_664,Post_1211,2024-02-25 06:27:44,text,friends
User_1044,Post_1212,2020-10-24 04:41:50,text,private
User_622,Post_1213,2022-09-07 11:35:32,video,private
User_1038,Post_1214,2022-04-01 02:13:32,text,friends
User_683,Post_1215,2020-03-17 05:06:18,text,public
User_1079,Post_1216,2020-11-19 06:21:55,image,public
User_82,Post_1217,2021-07-16 01:57:13,video,private
User_408,Post_1218,2023-05-14 14:26:29,image,private
User_803,Post_1219,2021-10-04 06:04:57,text,private
User_110,Post_1220,2023-07-11 07:48:56,video,private
User_420,Post_1221,2020-10-13 22:48:00,text,private
User_539,Post_1222,2021-09-18 05:44:11,image,private
User_1007,Post_1223,2023-07-26 02:07:41,text,friends
User_210,Post_1224,2023-11-14 13:15:55,image,friends
User_54,Post_1225,2022-06-06 20:26:26,text,public
User_223,Post_1226,2023-01-02 21:05:18,video,private
User_602,Post_1227,2021-08-21 22:35:09,image,public
User_670,Post_1228,2020-11-28 09:43:30,text,public
User_946,Post_1229,2023-12-26 23:54:33,image,public
User_1043,Post_1230,2024-03-29 13:13:53,video,public
User_473,Post_1231,2022-12-22 08:56:15,video,public
User_1014,Post_1232,2023-06-29 08:43:02,video,public
User_1164,Post_1233,2024-01-22 12:52:31,video,friends
User_1209,Post_1234,2023-04-21 14:12:44,image,private
User_1189,Post_1235,2020-04-14 06:41:53,image,private
User_25,Post_1236,2024-02-14 06:05:28,text,public
User_1196,Post_1237,2020-12-29 06:43:14,video,public
User_976,Post_1238,2022-02-26 16:52:41,image,public
User_30,Post_1239,2022-03-26 09:19:36,video,friends
User_917,Post_1240,2023-12-01 16:00:10,video,friends
User_142,Post_1241,2020-12-27 04:09:57,video,public
User_535,Post_1242,2022-10-10 02:22:11,text,friends
User_361,Post_1243,2020-03-30 00:05:51,video,friends
User_401,Post_1244,2023-09-15 00:07:51,video,public
User_962,Post_1245,2021-10-05 19:31:12,text,friends
User_173,Post_1246,2021-10-03 00:49:19,image,private
User_549,Post_1247,2024-01-23 15:48:17,video,public
User_996,Post_1248,2020-05-28 19:53:59,video,friends
User_1034,Post_1249,2020-07-05 08:33:55,image,friends
